hospital_name,city,state,latitude,longitude,blood_type,units_available,expiration_date,daily_usage,season,surgery_schedule_score,trauma_rate,historical_demand,shortage_risk_score,last_updated
NY-Presbyterian / Weill Cornell,New York,NY,40.7649,-73.9541,A+,13,2026-04-17,4.1,Spring,8.8,5.6,30.0,2.208,2026-03-07 12:07:13
NY-Presbyterian / Weill Cornell,New York,NY,40.7649,-73.9541,A+,12,2026-04-01,4.1,Spring,8.8,5.6,27.1,2.392,2026-03-07 12:07:13
NY-Presbyterian / Weill Cornell,New York,NY,40.7649,-73.9541,A+,45,2026-04-02,4.1,Spring,8.8,5.6,31.4,0.638,2026-03-07 12:07:13
NY-Presbyterian / Weill Cornell,New York,NY,40.7649,-73.9541,A-,15,2026-04-08,3.0,Spring,8.8,5.6,18.5,1.4,2026-03-07 12:07:13
NY-Presbyterian / Weill Cornell,New York,NY,40.7649,-73.9541,A-,14,2026-03-19,3.0,Spring,8.8,5.6,19.5,1.5,2026-03-07 12:07:13
NY-Presbyterian / Weill Cornell,New York,NY,40.7649,-73.9541,A-,36,2026-03-27,3.0,Spring,8.8,5.6,20.7,0.583,2026-03-07 12:07:13
NY-Presbyterian / Weill Cornell,New York,NY,40.7649,-73.9541,B+,16,2026-03-26,3.7,Spring,8.8,5.6,30.4,1.619,2026-03-07 12:07:13
NY-Presbyterian / Weill Cornell,New York,NY,40.7649,-73.9541,B+,10,2026-03-26,3.7,Spring,8.8,5.6,27.7,2.59,2026-03-07 12:07:13
NY-Presbyterian / Weill Cornell,New York,NY,40.7649,-73.9541,B+,44,2026-03-28,3.7,Spring,8.8,5.6,23.1,0.589,2026-03-07 12:07:13
NY-Presbyterian / Weill Cornell,New York,NY,40.7649,-73.9541,B-,10,2026-03-27,1.9,Spring,8.8,5.6,13.2,1.33,2026-03-07 12:07:13
NY-Presbyterian / Weill Cornell,New York,NY,40.7649,-73.9541,B-,7,2026-03-28,1.9,Spring,8.8,5.6,13.2,1.9,2026-03-07 12:07:13
NY-Presbyterian / Weill Cornell,New York,NY,40.7649,-73.9541,B-,23,2026-03-23,1.9,Spring,8.8,5.6,14.4,0.578,2026-03-07 12:07:13
NY-Presbyterian / Weill Cornell,New York,NY,40.7649,-73.9541,AB+,7,2026-04-11,1.5,Spring,8.8,5.6,10.4,1.5,2026-03-07 12:07:13
NY-Presbyterian / Weill Cornell,New York,NY,40.7649,-73.9541,AB+,6,2026-03-31,1.5,Spring,8.8,5.6,11.7,1.75,2026-03-07 12:07:13
NY-Presbyterian / Weill Cornell,New York,NY,40.7649,-73.9541,AB+,18,2026-03-18,1.5,Spring,8.8,5.6,10.2,0.583,2026-03-07 12:07:13
NY-Presbyterian / Weill Cornell,New York,NY,40.7649,-73.9541,AB-,4,2026-04-12,1.1,Spring,8.8,5.6,8.3,1.925,2026-03-07 12:07:13
NY-Presbyterian / Weill Cornell,New York,NY,40.7649,-73.9541,AB-,5,2026-03-26,1.1,Spring,8.8,5.6,7.1,1.54,2026-03-07 12:07:13
NY-Presbyterian / Weill Cornell,New York,NY,40.7649,-73.9541,AB-,12,2026-03-21,1.1,Spring,8.8,5.6,7.4,0.642,2026-03-07 12:07:13
NY-Presbyterian / Weill Cornell,New York,NY,40.7649,-73.9541,O+,46,2026-04-06,7.4,Spring,8.8,5.6,47.7,1.126,2026-03-07 12:07:13
NY-Presbyterian / Weill Cornell,New York,NY,40.7649,-73.9541,O+,29,2026-03-29,7.4,Spring,8.8,5.6,47.3,1.786,2026-03-07 12:07:13
NY-Presbyterian / Weill Cornell,New York,NY,40.7649,-73.9541,O+,133,2026-04-06,7.4,Spring,8.8,5.6,54.9,0.389,2026-03-07 12:07:13
NY-Presbyterian / Weill Cornell,New York,NY,40.7649,-73.9541,O-,32,2026-04-08,5.5,Spring,8.8,5.6,43.8,1.203,2026-03-07 12:07:13
NY-Presbyterian / Weill Cornell,New York,NY,40.7649,-73.9541,O-,26,2026-03-14,5.5,Spring,8.8,5.6,44.1,1.481,2026-03-07 12:07:13
NY-Presbyterian / Weill Cornell,New York,NY,40.7649,-73.9541,O-,75,2026-03-25,5.5,Spring,8.8,5.6,37.3,0.513,2026-03-07 12:07:13
Mount Sinai Medical Center,New York,NY,40.79,-73.9526,A+,30,2026-04-10,4.9,Spring,7.8,5.5,31.3,1.143,2026-03-07 12:07:13
Mount Sinai Medical Center,New York,NY,40.79,-73.9526,A+,31,2026-03-23,4.9,Spring,7.8,5.5,32.2,1.106,2026-03-07 12:07:13
Mount Sinai Medical Center,New York,NY,40.79,-73.9526,A+,76,2026-03-28,4.9,Spring,7.8,5.5,38.2,0.451,2026-03-07 12:07:13
Mount Sinai Medical Center,New York,NY,40.79,-73.9526,A-,7,2026-04-04,2.8,Spring,7.8,5.5,19.4,2.8,2026-03-07 12:07:13
Mount Sinai Medical Center,New York,NY,40.79,-73.9526,A-,6,2026-03-23,2.8,Spring,7.8,5.5,20.6,3.267,2026-03-07 12:07:13
Mount Sinai Medical Center,New York,NY,40.79,-73.9526,A-,25,2026-03-19,2.8,Spring,7.8,5.5,17.7,0.784,2026-03-07 12:07:13
Mount Sinai Medical Center,New York,NY,40.79,-73.9526,B+,29,2026-03-29,4.3,Spring,7.8,5.5,28.0,1.038,2026-03-07 12:07:13
Mount Sinai Medical Center,New York,NY,40.79,-73.9526,B+,28,2026-03-30,4.3,Spring,7.8,5.5,28.4,1.075,2026-03-07 12:07:13
Mount Sinai Medical Center,New York,NY,40.79,-73.9526,B+,72,2026-04-03,4.3,Spring,7.8,5.5,32.9,0.418,2026-03-07 12:07:13
Mount Sinai Medical Center,New York,NY,40.79,-73.9526,B-,10,2026-04-05,2.0,Spring,7.8,5.5,12.8,1.4,2026-03-07 12:07:13
Mount Sinai Medical Center,New York,NY,40.79,-73.9526,B-,6,2026-03-21,2.0,Spring,7.8,5.5,14.6,2.333,2026-03-07 12:07:13
Mount Sinai Medical Center,New York,NY,40.79,-73.9526,B-,26,2026-04-04,2.0,Spring,7.8,5.5,15.0,0.538,2026-03-07 12:07:13
Mount Sinai Medical Center,New York,NY,40.79,-73.9526,AB+,6,2026-04-04,1.6,Spring,7.8,5.5,12.1,1.867,2026-03-07 12:07:13
Mount Sinai Medical Center,New York,NY,40.79,-73.9526,AB+,10,2026-03-20,1.6,Spring,7.8,5.5,12.8,1.12,2026-03-07 12:07:13
Mount Sinai Medical Center,New York,NY,40.79,-73.9526,AB+,29,2026-04-04,1.6,Spring,7.8,5.5,12.6,0.386,2026-03-07 12:07:13
Mount Sinai Medical Center,New York,NY,40.79,-73.9526,AB-,3,2026-04-07,1.1,Spring,7.8,5.5,8.8,2.567,2026-03-07 12:07:13
Mount Sinai Medical Center,New York,NY,40.79,-73.9526,AB-,4,2026-03-15,1.1,Spring,7.8,5.5,7.0,1.925,2026-03-07 12:07:13
Mount Sinai Medical Center,New York,NY,40.79,-73.9526,AB-,11,2026-03-29,1.1,Spring,7.8,5.5,7.0,0.7,2026-03-07 12:07:13
Mount Sinai Medical Center,New York,NY,40.79,-73.9526,O+,27,2026-03-29,6.3,Spring,7.8,5.5,42.1,1.633,2026-03-07 12:07:13
Mount Sinai Medical Center,New York,NY,40.79,-73.9526,O+,32,2026-03-16,6.3,Spring,7.8,5.5,46.1,1.378,2026-03-07 12:07:13
Mount Sinai Medical Center,New York,NY,40.79,-73.9526,O+,88,2026-03-18,6.3,Spring,7.8,5.5,39.0,0.501,2026-03-07 12:07:13
Mount Sinai Medical Center,New York,NY,40.79,-73.9526,O-,21,2026-04-01,4.9,Spring,7.8,5.5,32.4,1.633,2026-03-07 12:07:13
Mount Sinai Medical Center,New York,NY,40.79,-73.9526,O-,29,2026-03-26,4.9,Spring,7.8,5.5,30.2,1.183,2026-03-07 12:07:13
Mount Sinai Medical Center,New York,NY,40.79,-73.9526,O-,83,2026-03-29,4.9,Spring,7.8,5.5,34.9,0.413,2026-03-07 12:07:13
Bellevue Hospital Center,New York,NY,40.7394,-73.9759,A+,10,2026-04-16,5.3,Spring,6.8,8.9,35.1,3.71,2026-03-07 12:07:13
Bellevue Hospital Center,New York,NY,40.7394,-73.9759,A+,22,2026-03-09,5.3,Spring,6.8,8.9,41.0,1.686,2026-03-07 12:07:13
Bellevue Hospital Center,New York,NY,40.7394,-73.9759,A-,5,2026-04-10,2.3,Spring,6.8,8.9,14.4,3.22,2026-03-07 12:07:13
Bellevue Hospital Center,New York,NY,40.7394,-73.9759,A-,9,2026-03-17,2.3,Spring,6.8,8.9,17.0,1.789,2026-03-07 12:07:13
Bellevue Hospital Center,New York,NY,40.7394,-73.9759,B+,7,2026-03-28,4.1,Spring,6.8,8.9,30.2,4.1,2026-03-07 12:07:13
Bellevue Hospital Center,New York,NY,40.7394,-73.9759,B+,11,2026-03-09,4.1,Spring,6.8,8.9,30.3,2.609,2026-03-07 12:07:13
Bellevue Hospital Center,New York,NY,40.7394,-73.9759,B-,6,2026-03-31,2.1,Spring,6.8,8.9,14.1,2.45,2026-03-07 12:07:13
Bellevue Hospital Center,New York,NY,40.7394,-73.9759,B-,11,2026-03-11,2.1,Spring,6.8,8.9,14.3,1.336,2026-03-07 12:07:13
Bellevue Hospital Center,New York,NY,40.7394,-73.9759,AB+,2,2026-04-08,2.0,Spring,6.8,8.9,12.7,7.0,2026-03-07 12:07:13
Bellevue Hospital Center,New York,NY,40.7394,-73.9759,AB+,4,2026-03-17,2.0,Spring,6.8,8.9,16.2,3.5,2026-03-07 12:07:13
Bellevue Hospital Center,New York,NY,40.7394,-73.9759,AB-,3,2026-04-05,1.4,Spring,6.8,8.9,10.2,3.267,2026-03-07 12:07:13
Bellevue Hospital Center,New York,NY,40.7394,-73.9759,AB-,8,2026-03-13,1.4,Spring,6.8,8.9,10.5,1.225,2026-03-07 12:07:13
Bellevue Hospital Center,New York,NY,40.7394,-73.9759,O+,2,2026-04-03,5.8,Spring,6.8,8.9,38.9,12.0,2026-03-07 12:07:13
Bellevue Hospital Center,New York,NY,40.7394,-73.9759,O+,2,2026-03-10,5.8,Spring,6.8,8.9,38.3,12.0,2026-03-07 12:07:13
Bellevue Hospital Center,New York,NY,40.7394,-73.9759,O-,3,2026-04-02,5.4,Spring,6.8,8.9,33.8,12.0,2026-03-07 12:07:13
Bellevue Hospital Center,New York,NY,40.7394,-73.9759,O-,2,2026-03-15,5.4,Spring,6.8,8.9,34.7,12.0,2026-03-07 12:07:13
NYU Langone Medical Center,New York,NY,40.742,-73.9756,A+,14,2026-04-11,4.4,Spring,9.5,6.1,35.3,2.2,2026-03-07 12:07:13
NYU Langone Medical Center,New York,NY,40.742,-73.9756,A+,26,2026-03-18,4.4,Spring,9.5,6.1,32.5,1.185,2026-03-07 12:07:13
NYU Langone Medical Center,New York,NY,40.742,-73.9756,A+,58,2026-03-21,4.4,Spring,9.5,6.1,30.5,0.531,2026-03-07 12:07:13
NYU Langone Medical Center,New York,NY,40.742,-73.9756,A-,22,2026-03-26,3.3,Spring,9.5,6.1,22.1,1.05,2026-03-07 12:07:13
NYU Langone Medical Center,New York,NY,40.742,-73.9756,A-,19,2026-03-17,3.3,Spring,9.5,6.1,26.4,1.216,2026-03-07 12:07:13
NYU Langone Medical Center,New York,NY,40.742,-73.9756,A-,66,2026-04-05,3.3,Spring,9.5,6.1,22.0,0.35,2026-03-07 12:07:13
NYU Langone Medical Center,New York,NY,40.742,-73.9756,B+,20,2026-03-30,3.4,Spring,9.5,6.1,26.2,1.19,2026-03-07 12:07:13
NYU Langone Medical Center,New York,NY,40.742,-73.9756,B+,21,2026-03-24,3.4,Spring,9.5,6.1,25.7,1.133,2026-03-07 12:07:13
NYU Langone Medical Center,New York,NY,40.742,-73.9756,B+,59,2026-03-24,3.4,Spring,9.5,6.1,21.7,0.403,2026-03-07 12:07:13
NYU Langone Medical Center,New York,NY,40.742,-73.9756,B-,13,2026-04-01,2.4,Spring,9.5,6.1,16.5,1.292,2026-03-07 12:07:13
NYU Langone Medical Center,New York,NY,40.742,-73.9756,B-,12,2026-03-21,2.4,Spring,9.5,6.1,16.8,1.4,2026-03-07 12:07:13
NYU Langone Medical Center,New York,NY,40.742,-73.9756,B-,45,2026-03-25,2.4,Spring,9.5,6.1,16.2,0.373,2026-03-07 12:07:13
NYU Langone Medical Center,New York,NY,40.742,-73.9756,AB+,6,2026-04-11,1.9,Spring,9.5,6.1,15.2,2.217,2026-03-07 12:07:13
NYU Langone Medical Center,New York,NY,40.742,-73.9756,AB+,7,2026-03-22,1.9,Spring,9.5,6.1,12.8,1.9,2026-03-07 12:07:13
NYU Langone Medical Center,New York,NY,40.742,-73.9756,AB+,22,2026-03-20,1.9,Spring,9.5,6.1,14.8,0.605,2026-03-07 12:07:13
NYU Langone Medical Center,New York,NY,40.742,-73.9756,AB-,7,2026-03-28,1.2,Spring,9.5,6.1,8.0,1.2,2026-03-07 12:07:13
NYU Langone Medical Center,New York,NY,40.742,-73.9756,AB-,6,2026-03-27,1.2,Spring,9.5,6.1,8.7,1.4,2026-03-07 12:07:13
NYU Langone Medical Center,New York,NY,40.742,-73.9756,AB-,20,2026-04-07,1.2,Spring,9.5,6.1,9.8,0.42,2026-03-07 12:07:13
NYU Langone Medical Center,New York,NY,40.742,-73.9756,O+,54,2026-04-15,8.3,Spring,9.5,6.1,56.4,1.076,2026-03-07 12:07:13
NYU Langone Medical Center,New York,NY,40.742,-73.9756,O+,44,2026-03-23,8.3,Spring,9.5,6.1,63.3,1.32,2026-03-07 12:07:13
NYU Langone Medical Center,New York,NY,40.742,-73.9756,O+,118,2026-04-03,8.3,Spring,9.5,6.1,67.5,0.492,2026-03-07 12:07:13
NYU Langone Medical Center,New York,NY,40.742,-73.9756,O-,37,2026-04-13,6.2,Spring,9.5,6.1,49.0,1.173,2026-03-07 12:07:13
NYU Langone Medical Center,New York,NY,40.742,-73.9756,O-,31,2026-03-23,6.2,Spring,9.5,6.1,45.7,1.4,2026-03-07 12:07:13
NYU Langone Medical Center,New York,NY,40.742,-73.9756,O-,104,2026-04-06,6.2,Spring,9.5,6.1,47.0,0.417,2026-03-07 12:07:13
Montefiore Medical Center,Bronx,NY,40.8826,-73.8781,A+,10,2026-04-15,5.3,Spring,7.0,8.4,39.7,3.71,2026-03-07 12:07:13
Montefiore Medical Center,Bronx,NY,40.8826,-73.8781,A+,29,2026-03-14,5.3,Spring,7.0,8.4,35.3,1.279,2026-03-07 12:07:13
Montefiore Medical Center,Bronx,NY,40.8826,-73.8781,A-,5,2026-03-29,2.6,Spring,7.0,8.4,18.6,3.64,2026-03-07 12:07:13
Montefiore Medical Center,Bronx,NY,40.8826,-73.8781,A-,15,2026-03-10,2.6,Spring,7.0,8.4,19.2,1.213,2026-03-07 12:07:13
Montefiore Medical Center,Bronx,NY,40.8826,-73.8781,B+,6,2026-04-06,4.2,Spring,7.0,8.4,25.9,4.9,2026-03-07 12:07:13
Montefiore Medical Center,Bronx,NY,40.8826,-73.8781,B+,13,2026-03-10,4.2,Spring,7.0,8.4,33.0,2.262,2026-03-07 12:07:13
Montefiore Medical Center,Bronx,NY,40.8826,-73.8781,B-,4,2026-04-11,2.3,Spring,7.0,8.4,16.4,4.025,2026-03-07 12:07:13
Montefiore Medical Center,Bronx,NY,40.8826,-73.8781,B-,10,2026-03-16,2.3,Spring,7.0,8.4,17.0,1.61,2026-03-07 12:07:13
Montefiore Medical Center,Bronx,NY,40.8826,-73.8781,AB+,7,2026-04-13,2.1,Spring,7.0,8.4,14.8,2.1,2026-03-07 12:07:13
Montefiore Medical Center,Bronx,NY,40.8826,-73.8781,AB+,10,2026-03-17,2.1,Spring,7.0,8.4,16.7,1.47,2026-03-07 12:07:13
Montefiore Medical Center,Bronx,NY,40.8826,-73.8781,AB-,2,2026-04-14,1.2,Spring,7.0,8.4,8.6,4.2,2026-03-07 12:07:13
Montefiore Medical Center,Bronx,NY,40.8826,-73.8781,AB-,5,2026-03-12,1.2,Spring,7.0,8.4,8.1,1.68,2026-03-07 12:07:13
Montefiore Medical Center,Bronx,NY,40.8826,-73.8781,O+,8,2026-04-11,6.6,Spring,7.0,8.4,46.0,5.775,2026-03-07 12:07:13
Montefiore Medical Center,Bronx,NY,40.8826,-73.8781,O+,18,2026-03-11,6.6,Spring,7.0,8.4,46.3,2.567,2026-03-07 12:07:13
Montefiore Medical Center,Bronx,NY,40.8826,-73.8781,O-,11,2026-03-31,5.9,Spring,7.0,8.4,45.9,3.755,2026-03-07 12:07:13
Montefiore Medical Center,Bronx,NY,40.8826,-73.8781,O-,23,2026-03-09,5.9,Spring,7.0,8.4,41.1,1.796,2026-03-07 12:07:13
New York Blood Center,New York,NY,40.7711,-73.9551,A+,104,2026-04-07,4.9,Spring,2.5,3.1,38.4,0.33,2026-03-07 12:07:13
New York Blood Center,New York,NY,40.7711,-73.9551,A+,178,2026-03-21,4.9,Spring,2.5,3.1,35.2,0.193,2026-03-07 12:07:13
New York Blood Center,New York,NY,40.7711,-73.9551,A-,57,2026-04-06,2.7,Spring,2.5,3.1,21.8,0.332,2026-03-07 12:07:13
New York Blood Center,New York,NY,40.7711,-73.9551,A-,92,2026-03-31,2.7,Spring,2.5,3.1,19.8,0.205,2026-03-07 12:07:13
New York Blood Center,New York,NY,40.7711,-73.9551,B+,57,2026-03-29,3.2,Spring,2.5,3.1,21.5,0.393,2026-03-07 12:07:13
New York Blood Center,New York,NY,40.7711,-73.9551,B+,105,2026-03-24,3.2,Spring,2.5,3.1,24.8,0.213,2026-03-07 12:07:13
New York Blood Center,New York,NY,40.7711,-73.9551,B-,29,2026-04-07,2.0,Spring,2.5,3.1,12.4,0.483,2026-03-07 12:07:13
New York Blood Center,New York,NY,40.7711,-73.9551,B-,84,2026-03-31,2.0,Spring,2.5,3.1,13.3,0.167,2026-03-07 12:07:13
New York Blood Center,New York,NY,40.7711,-73.9551,AB+,38,2026-03-26,1.5,Spring,2.5,3.1,9.9,0.276,2026-03-07 12:07:13
New York Blood Center,New York,NY,40.7711,-73.9551,AB+,56,2026-03-14,1.5,Spring,2.5,3.1,10.7,0.188,2026-03-07 12:07:13
New York Blood Center,New York,NY,40.7711,-73.9551,AB-,23,2026-04-08,1.0,Spring,2.5,3.1,6.5,0.304,2026-03-07 12:07:13
New York Blood Center,New York,NY,40.7711,-73.9551,AB-,36,2026-03-17,1.0,Spring,2.5,3.1,6.8,0.194,2026-03-07 12:07:13
New York Blood Center,New York,NY,40.7711,-73.9551,O+,182,2026-04-12,7.4,Spring,2.5,3.1,51.7,0.285,2026-03-07 12:07:13
New York Blood Center,New York,NY,40.7711,-73.9551,O+,317,2026-03-20,7.4,Spring,2.5,3.1,55.3,0.163,2026-03-07 12:07:13
New York Blood Center,New York,NY,40.7711,-73.9551,O-,84,2026-04-15,4.9,Spring,2.5,3.1,40.3,0.408,2026-03-07 12:07:13
New York Blood Center,New York,NY,40.7711,-73.9551,O-,179,2026-03-15,4.9,Spring,2.5,3.1,34.0,0.192,2026-03-07 12:07:13
Hackensack University Medical Ctr,Hackensack,NJ,40.8839,-74.0439,A+,91,2026-03-28,5.1,Spring,4.0,3.0,41.0,0.392,2026-03-07 12:07:13
Hackensack University Medical Ctr,Hackensack,NJ,40.8839,-74.0439,A+,192,2026-03-28,5.1,Spring,4.0,3.0,39.3,0.186,2026-03-07 12:07:13
Hackensack University Medical Ctr,Hackensack,NJ,40.8839,-74.0439,A-,49,2026-04-11,3.3,Spring,4.0,3.0,26.1,0.471,2026-03-07 12:07:13
Hackensack University Medical Ctr,Hackensack,NJ,40.8839,-74.0439,A-,99,2026-04-01,3.3,Spring,4.0,3.0,26.1,0.233,2026-03-07 12:07:13
Hackensack University Medical Ctr,Hackensack,NJ,40.8839,-74.0439,B+,73,2026-04-01,3.3,Spring,4.0,3.0,25.0,0.316,2026-03-07 12:07:13
Hackensack University Medical Ctr,Hackensack,NJ,40.8839,-74.0439,B+,144,2026-03-24,3.3,Spring,4.0,3.0,21.6,0.16,2026-03-07 12:07:13
Hackensack University Medical Ctr,Hackensack,NJ,40.8839,-74.0439,B-,33,2026-04-04,1.9,Spring,4.0,3.0,15.2,0.403,2026-03-07 12:07:13
Hackensack University Medical Ctr,Hackensack,NJ,40.8839,-74.0439,B-,81,2026-03-31,1.9,Spring,4.0,3.0,12.0,0.164,2026-03-07 12:07:13
Hackensack University Medical Ctr,Hackensack,NJ,40.8839,-74.0439,AB+,26,2026-04-18,1.9,Spring,4.0,3.0,14.5,0.512,2026-03-07 12:07:13
Hackensack University Medical Ctr,Hackensack,NJ,40.8839,-74.0439,AB+,52,2026-03-28,1.9,Spring,4.0,3.0,12.6,0.256,2026-03-07 12:07:13
Hackensack University Medical Ctr,Hackensack,NJ,40.8839,-74.0439,AB-,17,2026-04-12,1.3,Spring,4.0,3.0,8.9,0.535,2026-03-07 12:07:13
Hackensack University Medical Ctr,Hackensack,NJ,40.8839,-74.0439,AB-,38,2026-03-31,1.3,Spring,4.0,3.0,8.7,0.239,2026-03-07 12:07:13
Hackensack University Medical Ctr,Hackensack,NJ,40.8839,-74.0439,O+,78,2026-03-31,6.5,Spring,4.0,3.0,53.0,0.583,2026-03-07 12:07:13
Hackensack University Medical Ctr,Hackensack,NJ,40.8839,-74.0439,O+,170,2026-03-19,6.5,Spring,4.0,3.0,43.8,0.268,2026-03-07 12:07:13
Hackensack University Medical Ctr,Hackensack,NJ,40.8839,-74.0439,O-,89,2026-04-13,6.0,Spring,4.0,3.0,39.4,0.472,2026-03-07 12:07:13
Hackensack University Medical Ctr,Hackensack,NJ,40.8839,-74.0439,O-,209,2026-03-21,6.0,Spring,4.0,3.0,45.9,0.201,2026-03-07 12:07:13
RWJBarnabas Medical Center,Newark,NJ,40.7357,-74.1724,A+,37,2026-03-29,3.7,Spring,4.4,3.2,23.6,0.7,2026-03-07 12:07:13
RWJBarnabas Medical Center,Newark,NJ,40.7357,-74.1724,A+,66,2026-03-14,3.7,Spring,4.4,3.2,26.2,0.392,2026-03-07 12:07:13
RWJBarnabas Medical Center,Newark,NJ,40.7357,-74.1724,A-,13,2026-04-09,2.5,Spring,4.4,3.2,18.0,1.346,2026-03-07 12:07:13
RWJBarnabas Medical Center,Newark,NJ,40.7357,-74.1724,A-,31,2026-04-01,2.5,Spring,4.4,3.2,16.2,0.565,2026-03-07 12:07:13
RWJBarnabas Medical Center,Newark,NJ,40.7357,-74.1724,B+,33,2026-04-01,4.0,Spring,4.4,3.2,29.7,0.848,2026-03-07 12:07:13
RWJBarnabas Medical Center,Newark,NJ,40.7357,-74.1724,B+,70,2026-03-21,4.0,Spring,4.4,3.2,32.3,0.4,2026-03-07 12:07:13
RWJBarnabas Medical Center,Newark,NJ,40.7357,-74.1724,B-,20,2026-04-07,1.9,Spring,4.4,3.2,14.1,0.665,2026-03-07 12:07:13
RWJBarnabas Medical Center,Newark,NJ,40.7357,-74.1724,B-,38,2026-03-17,1.9,Spring,4.4,3.2,12.5,0.35,2026-03-07 12:07:13
RWJBarnabas Medical Center,Newark,NJ,40.7357,-74.1724,AB+,14,2026-03-30,1.9,Spring,4.4,3.2,13.3,0.95,2026-03-07 12:07:13
RWJBarnabas Medical Center,Newark,NJ,40.7357,-74.1724,AB+,28,2026-03-29,1.9,Spring,4.4,3.2,14.5,0.475,2026-03-07 12:07:13
RWJBarnabas Medical Center,Newark,NJ,40.7357,-74.1724,AB-,10,2026-04-15,1.3,Spring,4.4,3.2,10.2,0.91,2026-03-07 12:07:13
RWJBarnabas Medical Center,Newark,NJ,40.7357,-74.1724,AB-,29,2026-04-01,1.3,Spring,4.4,3.2,9.2,0.314,2026-03-07 12:07:13
RWJBarnabas Medical Center,Newark,NJ,40.7357,-74.1724,O+,82,2026-04-02,7.3,Spring,4.4,3.2,47.5,0.623,2026-03-07 12:07:13
RWJBarnabas Medical Center,Newark,NJ,40.7357,-74.1724,O+,184,2026-03-23,7.3,Spring,4.4,3.2,59.1,0.278,2026-03-07 12:07:13
RWJBarnabas Medical Center,Newark,NJ,40.7357,-74.1724,O-,71,2026-04-03,5.7,Spring,4.4,3.2,41.1,0.562,2026-03-07 12:07:13
RWJBarnabas Medical Center,Newark,NJ,40.7357,-74.1724,O-,120,2026-03-29,5.7,Spring,4.4,3.2,45.8,0.332,2026-03-07 12:07:13
Cooper University Hospital,Camden,NJ,39.944,-75.116,A+,6,2026-04-15,3.7,Spring,7.7,7.8,30.2,4.317,2026-03-07 12:07:13
Cooper University Hospital,Camden,NJ,39.944,-75.116,A+,11,2026-03-13,3.7,Spring,7.7,7.8,24.2,2.355,2026-03-07 12:07:13
Cooper University Hospital,Camden,NJ,39.944,-75.116,A-,4,2026-04-02,2.8,Spring,7.7,7.8,21.0,4.9,2026-03-07 12:07:13
Cooper University Hospital,Camden,NJ,39.944,-75.116,A-,10,2026-03-16,2.8,Spring,7.7,7.8,19.6,1.96,2026-03-07 12:07:13
Cooper University Hospital,Camden,NJ,39.944,-75.116,B+,4,2026-03-30,3.6,Spring,7.7,7.8,24.4,6.3,2026-03-07 12:07:13
Cooper University Hospital,Camden,NJ,39.944,-75.116,B+,8,2026-03-15,3.6,Spring,7.7,7.8,25.6,3.15,2026-03-07 12:07:13
Cooper University Hospital,Camden,NJ,39.944,-75.116,B-,3,2026-04-18,1.9,Spring,7.7,7.8,15.6,4.433,2026-03-07 12:07:13
Cooper University Hospital,Camden,NJ,39.944,-75.116,B-,5,2026-03-17,1.9,Spring,7.7,7.8,13.8,2.66,2026-03-07 12:07:13
Cooper University Hospital,Camden,NJ,39.944,-75.116,AB+,3,2026-04-08,1.9,Spring,7.7,7.8,13.9,4.433,2026-03-07 12:07:13
Cooper University Hospital,Camden,NJ,39.944,-75.116,AB+,8,2026-03-13,1.9,Spring,7.7,7.8,12.2,1.662,2026-03-07 12:07:13
Cooper University Hospital,Camden,NJ,39.944,-75.116,AB-,3,2026-04-01,1.4,Spring,7.7,7.8,8.7,3.267,2026-03-07 12:07:13
Cooper University Hospital,Camden,NJ,39.944,-75.116,AB-,7,2026-03-15,1.4,Spring,7.7,7.8,11.3,1.4,2026-03-07 12:07:13
Cooper University Hospital,Camden,NJ,39.944,-75.116,O+,9,2026-03-29,7.1,Spring,7.7,7.8,51.3,5.522,2026-03-07 12:07:13
Cooper University Hospital,Camden,NJ,39.944,-75.116,O+,17,2026-03-13,7.1,Spring,7.7,7.8,50.8,2.924,2026-03-07 12:07:13
Cooper University Hospital,Camden,NJ,39.944,-75.116,O-,8,2026-03-31,5.7,Spring,7.7,7.8,45.6,4.987,2026-03-07 12:07:13
Cooper University Hospital,Camden,NJ,39.944,-75.116,O-,15,2026-03-10,5.7,Spring,7.7,7.8,40.1,2.66,2026-03-07 12:07:13
Morristown Medical Center,Morristown,NJ,40.7968,-74.4774,A+,52,2026-04-03,5.0,Spring,6.8,4.8,37.7,0.673,2026-03-07 12:07:13
Morristown Medical Center,Morristown,NJ,40.7968,-74.4774,A+,89,2026-03-18,5.0,Spring,6.8,4.8,34.3,0.393,2026-03-07 12:07:13
Morristown Medical Center,Morristown,NJ,40.7968,-74.4774,A-,39,2026-04-04,3.1,Spring,6.8,4.8,20.7,0.556,2026-03-07 12:07:13
Morristown Medical Center,Morristown,NJ,40.7968,-74.4774,A-,64,2026-03-26,3.1,Spring,6.8,4.8,19.4,0.339,2026-03-07 12:07:13
Morristown Medical Center,Morristown,NJ,40.7968,-74.4774,B+,51,2026-04-06,4.3,Spring,6.8,4.8,33.9,0.59,2026-03-07 12:07:13
Morristown Medical Center,Morristown,NJ,40.7968,-74.4774,B+,88,2026-03-18,4.3,Spring,6.8,4.8,31.0,0.342,2026-03-07 12:07:13
Morristown Medical Center,Morristown,NJ,40.7968,-74.4774,B-,27,2026-04-08,2.2,Spring,6.8,4.8,13.6,0.57,2026-03-07 12:07:13
Morristown Medical Center,Morristown,NJ,40.7968,-74.4774,B-,60,2026-03-18,2.2,Spring,6.8,4.8,14.3,0.257,2026-03-07 12:07:13
Morristown Medical Center,Morristown,NJ,40.7968,-74.4774,AB+,25,2026-04-04,1.8,Spring,6.8,4.8,11.4,0.504,2026-03-07 12:07:13
Morristown Medical Center,Morristown,NJ,40.7968,-74.4774,AB+,54,2026-03-24,1.8,Spring,6.8,4.8,12.5,0.233,2026-03-07 12:07:13
Morristown Medical Center,Morristown,NJ,40.7968,-74.4774,AB-,13,2026-04-18,1.1,Spring,6.8,4.8,8.2,0.592,2026-03-07 12:07:13
Morristown Medical Center,Morristown,NJ,40.7968,-74.4774,AB-,29,2026-03-21,1.1,Spring,6.8,4.8,9.1,0.266,2026-03-07 12:07:13
Morristown Medical Center,Morristown,NJ,40.7968,-74.4774,O+,92,2026-03-28,7.9,Spring,6.8,4.8,50.3,0.601,2026-03-07 12:07:13
Morristown Medical Center,Morristown,NJ,40.7968,-74.4774,O+,177,2026-03-19,7.9,Spring,6.8,4.8,49.4,0.312,2026-03-07 12:07:13
Morristown Medical Center,Morristown,NJ,40.7968,-74.4774,O-,52,2026-04-05,6.4,Spring,6.8,4.8,45.0,0.862,2026-03-07 12:07:13
Morristown Medical Center,Morristown,NJ,40.7968,-74.4774,O-,101,2026-03-19,6.4,Spring,6.8,4.8,51.1,0.444,2026-03-07 12:07:13
AtlantiCare Regional Medical Ctr,Atlantic City,NJ,39.3643,-74.4229,A+,43,2026-04-08,5.2,Spring,5.9,3.8,39.3,0.847,2026-03-07 12:07:13
AtlantiCare Regional Medical Ctr,Atlantic City,NJ,39.3643,-74.4229,A+,87,2026-03-28,5.2,Spring,5.9,3.8,33.8,0.418,2026-03-07 12:07:13
AtlantiCare Regional Medical Ctr,Atlantic City,NJ,39.3643,-74.4229,A-,26,2026-04-12,2.7,Spring,5.9,3.8,20.5,0.727,2026-03-07 12:07:13
AtlantiCare Regional Medical Ctr,Atlantic City,NJ,39.3643,-74.4229,A-,46,2026-03-28,2.7,Spring,5.9,3.8,18.8,0.411,2026-03-07 12:07:13
AtlantiCare Regional Medical Ctr,Atlantic City,NJ,39.3643,-74.4229,B+,29,2026-04-12,3.9,Spring,5.9,3.8,29.8,0.941,2026-03-07 12:07:13
AtlantiCare Regional Medical Ctr,Atlantic City,NJ,39.3643,-74.4229,B+,70,2026-03-14,3.9,Spring,5.9,3.8,26.3,0.39,2026-03-07 12:07:13
AtlantiCare Regional Medical Ctr,Atlantic City,NJ,39.3643,-74.4229,B-,33,2026-04-17,2.1,Spring,5.9,3.8,16.2,0.445,2026-03-07 12:07:13
AtlantiCare Regional Medical Ctr,Atlantic City,NJ,39.3643,-74.4229,B-,45,2026-03-23,2.1,Spring,5.9,3.8,16.5,0.327,2026-03-07 12:07:13
AtlantiCare Regional Medical Ctr,Atlantic City,NJ,39.3643,-74.4229,AB+,15,2026-04-02,1.6,Spring,5.9,3.8,12.1,0.747,2026-03-07 12:07:13
AtlantiCare Regional Medical Ctr,Atlantic City,NJ,39.3643,-74.4229,AB+,29,2026-03-18,1.6,Spring,5.9,3.8,12.0,0.386,2026-03-07 12:07:13
AtlantiCare Regional Medical Ctr,Atlantic City,NJ,39.3643,-74.4229,AB-,9,2026-04-12,1.1,Spring,5.9,3.8,8.9,0.856,2026-03-07 12:07:13
AtlantiCare Regional Medical Ctr,Atlantic City,NJ,39.3643,-74.4229,AB-,20,2026-03-24,1.1,Spring,5.9,3.8,7.1,0.385,2026-03-07 12:07:13
AtlantiCare Regional Medical Ctr,Atlantic City,NJ,39.3643,-74.4229,O+,93,2026-04-10,7.3,Spring,5.9,3.8,47.5,0.549,2026-03-07 12:07:13
AtlantiCare Regional Medical Ctr,Atlantic City,NJ,39.3643,-74.4229,O+,189,2026-03-29,7.3,Spring,5.9,3.8,58.3,0.27,2026-03-07 12:07:13
AtlantiCare Regional Medical Ctr,Atlantic City,NJ,39.3643,-74.4229,O-,65,2026-03-27,6.5,Spring,5.9,3.8,51.8,0.7,2026-03-07 12:07:13
AtlantiCare Regional Medical Ctr,Atlantic City,NJ,39.3643,-74.4229,O-,145,2026-03-26,6.5,Spring,5.9,3.8,45.0,0.314,2026-03-07 12:07:13
Albany Medical Center,Albany,NY,42.6526,-73.7562,A+,47,2026-04-15,4.6,Spring,6.4,3.0,32.0,0.685,2026-03-07 12:07:13
Albany Medical Center,Albany,NY,42.6526,-73.7562,A+,86,2026-03-25,4.6,Spring,6.4,3.0,28.6,0.374,2026-03-07 12:07:13
Albany Medical Center,Albany,NY,42.6526,-73.7562,A-,27,2026-04-13,3.2,Spring,6.4,3.0,25.2,0.83,2026-03-07 12:07:13
Albany Medical Center,Albany,NY,42.6526,-73.7562,A-,61,2026-03-23,3.2,Spring,6.4,3.0,20.0,0.367,2026-03-07 12:07:13
Albany Medical Center,Albany,NY,42.6526,-73.7562,B+,41,2026-03-28,3.2,Spring,6.4,3.0,20.6,0.546,2026-03-07 12:07:13
Albany Medical Center,Albany,NY,42.6526,-73.7562,B+,101,2026-03-28,3.2,Spring,6.4,3.0,24.4,0.222,2026-03-07 12:07:13
Albany Medical Center,Albany,NY,42.6526,-73.7562,B-,19,2026-04-17,2.1,Spring,6.4,3.0,13.4,0.774,2026-03-07 12:07:13
Albany Medical Center,Albany,NY,42.6526,-73.7562,B-,52,2026-03-29,2.1,Spring,6.4,3.0,14.2,0.283,2026-03-07 12:07:13
Albany Medical Center,Albany,NY,42.6526,-73.7562,AB+,21,2026-04-08,1.9,Spring,6.4,3.0,12.1,0.633,2026-03-07 12:07:13
Albany Medical Center,Albany,NY,42.6526,-73.7562,AB+,37,2026-03-25,1.9,Spring,6.4,3.0,13.1,0.359,2026-03-07 12:07:13
Albany Medical Center,Albany,NY,42.6526,-73.7562,AB-,12,2026-03-28,1.2,Spring,6.4,3.0,7.6,0.7,2026-03-07 12:07:13
Albany Medical Center,Albany,NY,42.6526,-73.7562,AB-,20,2026-03-20,1.2,Spring,6.4,3.0,7.4,0.42,2026-03-07 12:07:13
Albany Medical Center,Albany,NY,42.6526,-73.7562,O+,70,2026-03-29,8.0,Spring,6.4,3.0,63.2,0.8,2026-03-07 12:07:13
Albany Medical Center,Albany,NY,42.6526,-73.7562,O+,127,2026-03-31,8.0,Spring,6.4,3.0,63.9,0.441,2026-03-07 12:07:13
Albany Medical Center,Albany,NY,42.6526,-73.7562,O-,38,2026-04-13,5.4,Spring,6.4,3.0,34.9,0.995,2026-03-07 12:07:13
Albany Medical Center,Albany,NY,42.6526,-73.7562,O-,94,2026-03-18,5.4,Spring,6.4,3.0,34.5,0.402,2026-03-07 12:07:13
Upstate Medical University,Syracuse,NY,43.0481,-76.1474,A+,44,2026-04-12,4.2,Spring,6.6,3.5,26.3,0.668,2026-03-07 12:07:13
Upstate Medical University,Syracuse,NY,43.0481,-76.1474,A+,112,2026-03-27,4.2,Spring,6.6,3.5,30.1,0.263,2026-03-07 12:07:13
Upstate Medical University,Syracuse,NY,43.0481,-76.1474,A-,29,2026-03-28,3.1,Spring,6.6,3.5,23.1,0.748,2026-03-07 12:07:13
Upstate Medical University,Syracuse,NY,43.0481,-76.1474,A-,68,2026-03-30,3.1,Spring,6.6,3.5,19.3,0.319,2026-03-07 12:07:13
Upstate Medical University,Syracuse,NY,43.0481,-76.1474,B+,63,2026-04-07,4.6,Spring,6.6,3.5,37.1,0.511,2026-03-07 12:07:13
Upstate Medical University,Syracuse,NY,43.0481,-76.1474,B+,112,2026-03-16,4.6,Spring,6.6,3.5,29.8,0.287,2026-03-07 12:07:13
Upstate Medical University,Syracuse,NY,43.0481,-76.1474,B-,19,2026-04-12,1.8,Spring,6.6,3.5,14.8,0.663,2026-03-07 12:07:13
Upstate Medical University,Syracuse,NY,43.0481,-76.1474,B-,41,2026-03-30,1.8,Spring,6.6,3.5,12.7,0.307,2026-03-07 12:07:13
Upstate Medical University,Syracuse,NY,43.0481,-76.1474,AB+,17,2026-04-14,2.0,Spring,6.6,3.5,15.3,0.824,2026-03-07 12:07:13
Upstate Medical University,Syracuse,NY,43.0481,-76.1474,AB+,34,2026-03-20,2.0,Spring,6.6,3.5,14.1,0.412,2026-03-07 12:07:13
Upstate Medical University,Syracuse,NY,43.0481,-76.1474,AB-,10,2026-04-17,1.3,Spring,6.6,3.5,9.8,0.91,2026-03-07 12:07:13
Upstate Medical University,Syracuse,NY,43.0481,-76.1474,AB-,26,2026-03-25,1.3,Spring,6.6,3.5,9.3,0.35,2026-03-07 12:07:13
Upstate Medical University,Syracuse,NY,43.0481,-76.1474,O+,41,2026-04-07,6.1,Spring,6.6,3.5,48.0,1.041,2026-03-07 12:07:13
Upstate Medical University,Syracuse,NY,43.0481,-76.1474,O+,105,2026-03-31,6.1,Spring,6.6,3.5,44.8,0.407,2026-03-07 12:07:13
Upstate Medical University,Syracuse,NY,43.0481,-76.1474,O-,70,2026-04-15,6.2,Spring,6.6,3.5,50.1,0.62,2026-03-07 12:07:13
Upstate Medical University,Syracuse,NY,43.0481,-76.1474,O-,126,2026-03-15,6.2,Spring,6.6,3.5,42.8,0.344,2026-03-07 12:07:13
Erie County Medical Center,Buffalo,NY,42.8864,-78.8784,A+,6,2026-03-28,4.8,Spring,7.2,6.6,30.7,5.6,2026-03-07 12:07:13
Erie County Medical Center,Buffalo,NY,42.8864,-78.8784,A+,15,2026-03-13,4.8,Spring,7.2,6.6,38.1,2.24,2026-03-07 12:07:13
Erie County Medical Center,Buffalo,NY,42.8864,-78.8784,A-,9,2026-04-13,3.3,Spring,7.2,6.6,24.5,2.567,2026-03-07 12:07:13
Erie County Medical Center,Buffalo,NY,42.8864,-78.8784,A-,16,2026-03-13,3.3,Spring,7.2,6.6,25.6,1.444,2026-03-07 12:07:13
Erie County Medical Center,Buffalo,NY,42.8864,-78.8784,B+,8,2026-03-30,4.5,Spring,7.2,6.6,31.5,3.938,2026-03-07 12:07:13
Erie County Medical Center,Buffalo,NY,42.8864,-78.8784,B+,17,2026-03-11,4.5,Spring,7.2,6.6,28.6,1.853,2026-03-07 12:07:13
Erie County Medical Center,Buffalo,NY,42.8864,-78.8784,B-,3,2026-04-08,2.1,Spring,7.2,6.6,16.1,4.9,2026-03-07 12:07:13
Erie County Medical Center,Buffalo,NY,42.8864,-78.8784,B-,6,2026-03-10,2.1,Spring,7.2,6.6,16.3,2.45,2026-03-07 12:07:13
Erie County Medical Center,Buffalo,NY,42.8864,-78.8784,AB+,1,2026-04-08,1.5,Spring,7.2,6.6,10.6,10.5,2026-03-07 12:07:13
Erie County Medical Center,Buffalo,NY,42.8864,-78.8784,AB+,3,2026-03-13,1.5,Spring,7.2,6.6,10.3,3.5,2026-03-07 12:07:13
Erie County Medical Center,Buffalo,NY,42.8864,-78.8784,AB-,2,2026-04-12,1.0,Spring,7.2,6.6,6.3,3.5,2026-03-07 12:07:13
Erie County Medical Center,Buffalo,NY,42.8864,-78.8784,AB-,4,2026-03-15,1.0,Spring,7.2,6.6,6.6,1.75,2026-03-07 12:07:13
Erie County Medical Center,Buffalo,NY,42.8864,-78.8784,O+,18,2026-04-18,8.4,Spring,7.2,6.6,51.9,3.267,2026-03-07 12:07:13
Erie County Medical Center,Buffalo,NY,42.8864,-78.8784,O+,41,2026-03-15,8.4,Spring,7.2,6.6,64.2,1.434,2026-03-07 12:07:13
Erie County Medical Center,Buffalo,NY,42.8864,-78.8784,O-,14,2026-04-05,5.8,Spring,7.2,6.6,36.2,2.9,2026-03-07 12:07:13
Erie County Medical Center,Buffalo,NY,42.8864,-78.8784,O-,27,2026-03-09,5.8,Spring,7.2,6.6,39.5,1.504,2026-03-07 12:07:13
Strong Memorial Hospital,Rochester,NY,43.1247,-77.6093,A+,13,2026-04-06,4.7,Spring,8.4,6.9,36.9,2.531,2026-03-07 12:07:13
Strong Memorial Hospital,Rochester,NY,43.1247,-77.6093,A+,25,2026-03-28,4.7,Spring,8.4,6.9,29.8,1.316,2026-03-07 12:07:13
Strong Memorial Hospital,Rochester,NY,43.1247,-77.6093,A+,56,2026-03-20,4.7,Spring,8.4,6.9,34.1,0.588,2026-03-07 12:07:13
Strong Memorial Hospital,Rochester,NY,43.1247,-77.6093,A-,10,2026-04-04,2.7,Spring,8.4,6.9,17.1,1.89,2026-03-07 12:07:13
Strong Memorial Hospital,Rochester,NY,43.1247,-77.6093,A-,10,2026-03-17,2.7,Spring,8.4,6.9,21.0,1.89,2026-03-07 12:07:13
Strong Memorial Hospital,Rochester,NY,43.1247,-77.6093,A-,34,2026-03-28,2.7,Spring,8.4,6.9,21.3,0.556,2026-03-07 12:07:13
Strong Memorial Hospital,Rochester,NY,43.1247,-77.6093,B+,9,2026-03-31,3.5,Spring,8.4,6.9,27.1,2.722,2026-03-07 12:07:13
Strong Memorial Hospital,Rochester,NY,43.1247,-77.6093,B+,11,2026-03-16,3.5,Spring,8.4,6.9,25.2,2.227,2026-03-07 12:07:13
Strong Memorial Hospital,Rochester,NY,43.1247,-77.6093,B+,35,2026-04-04,3.5,Spring,8.4,6.9,28.4,0.7,2026-03-07 12:07:13
Strong Memorial Hospital,Rochester,NY,43.1247,-77.6093,B-,11,2026-04-13,2.1,Spring,8.4,6.9,14.3,1.336,2026-03-07 12:07:13
Strong Memorial Hospital,Rochester,NY,43.1247,-77.6093,B-,8,2026-03-28,2.1,Spring,8.4,6.9,14.3,1.838,2026-03-07 12:07:13
Strong Memorial Hospital,Rochester,NY,43.1247,-77.6093,B-,29,2026-03-25,2.1,Spring,8.4,6.9,13.3,0.507,2026-03-07 12:07:13
Strong Memorial Hospital,Rochester,NY,43.1247,-77.6093,AB+,6,2026-04-05,1.8,Spring,8.4,6.9,14.4,2.1,2026-03-07 12:07:13
Strong Memorial Hospital,Rochester,NY,43.1247,-77.6093,AB+,6,2026-03-16,1.8,Spring,8.4,6.9,12.8,2.1,2026-03-07 12:07:13
Strong Memorial Hospital,Rochester,NY,43.1247,-77.6093,AB+,18,2026-04-03,1.8,Spring,8.4,6.9,11.2,0.7,2026-03-07 12:07:13
Strong Memorial Hospital,Rochester,NY,43.1247,-77.6093,AB-,6,2026-03-31,1.4,Spring,8.4,6.9,9.1,1.633,2026-03-07 12:07:13
Strong Memorial Hospital,Rochester,NY,43.1247,-77.6093,AB-,7,2026-03-15,1.4,Spring,8.4,6.9,11.1,1.4,2026-03-07 12:07:13
Strong Memorial Hospital,Rochester,NY,43.1247,-77.6093,AB-,20,2026-04-08,1.4,Spring,8.4,6.9,8.7,0.49,2026-03-07 12:07:13
Strong Memorial Hospital,Rochester,NY,43.1247,-77.6093,O+,44,2026-04-10,7.8,Spring,8.4,6.9,54.2,1.241,2026-03-07 12:07:13
Strong Memorial Hospital,Rochester,NY,43.1247,-77.6093,O+,49,2026-03-23,7.8,Spring,8.4,6.9,59.2,1.114,2026-03-07 12:07:13
Strong Memorial Hospital,Rochester,NY,43.1247,-77.6093,O+,145,2026-03-18,7.8,Spring,8.4,6.9,49.1,0.377,2026-03-07 12:07:13
Strong Memorial Hospital,Rochester,NY,43.1247,-77.6093,O-,24,2026-04-03,4.9,Spring,8.4,6.9,40.1,1.429,2026-03-07 12:07:13
Strong Memorial Hospital,Rochester,NY,43.1247,-77.6093,O-,24,2026-03-18,4.9,Spring,8.4,6.9,31.6,1.429,2026-03-07 12:07:13
Strong Memorial Hospital,Rochester,NY,43.1247,-77.6093,O-,77,2026-03-28,4.9,Spring,8.4,6.9,37.0,0.445,2026-03-07 12:07:13
Massachusetts General Hospital,Boston,MA,42.3628,-71.0686,A+,23,2026-04-14,3.8,Spring,7.8,8.0,28.8,1.157,2026-03-07 12:07:13
Massachusetts General Hospital,Boston,MA,42.3628,-71.0686,A+,15,2026-03-30,3.8,Spring,7.8,8.0,27.5,1.773,2026-03-07 12:07:13
Massachusetts General Hospital,Boston,MA,42.3628,-71.0686,A+,48,2026-03-17,3.8,Spring,7.8,8.0,25.1,0.554,2026-03-07 12:07:13
Massachusetts General Hospital,Boston,MA,42.3628,-71.0686,A-,17,2026-04-01,3.3,Spring,7.8,8.0,22.4,1.359,2026-03-07 12:07:13
Massachusetts General Hospital,Boston,MA,42.3628,-71.0686,A-,15,2026-03-17,3.3,Spring,7.8,8.0,25.4,1.54,2026-03-07 12:07:13
Massachusetts General Hospital,Boston,MA,42.3628,-71.0686,A-,41,2026-04-02,3.3,Spring,7.8,8.0,25.6,0.563,2026-03-07 12:07:13
Massachusetts General Hospital,Boston,MA,42.3628,-71.0686,B+,12,2026-03-30,3.3,Spring,7.8,8.0,24.7,1.925,2026-03-07 12:07:13
Massachusetts General Hospital,Boston,MA,42.3628,-71.0686,B+,13,2026-03-19,3.3,Spring,7.8,8.0,22.9,1.777,2026-03-07 12:07:13
Massachusetts General Hospital,Boston,MA,42.3628,-71.0686,B+,42,2026-03-24,3.3,Spring,7.8,8.0,25.5,0.55,2026-03-07 12:07:13
Massachusetts General Hospital,Boston,MA,42.3628,-71.0686,B-,8,2026-04-01,2.3,Spring,7.8,8.0,16.4,2.012,2026-03-07 12:07:13
Massachusetts General Hospital,Boston,MA,42.3628,-71.0686,B-,9,2026-03-20,2.3,Spring,7.8,8.0,18.9,1.789,2026-03-07 12:07:13
Massachusetts General Hospital,Boston,MA,42.3628,-71.0686,B-,27,2026-03-31,2.3,Spring,7.8,8.0,16.6,0.596,2026-03-07 12:07:13
Massachusetts General Hospital,Boston,MA,42.3628,-71.0686,AB+,6,2026-03-31,1.7,Spring,7.8,8.0,11.4,1.983,2026-03-07 12:07:13
Massachusetts General Hospital,Boston,MA,42.3628,-71.0686,AB+,7,2026-03-29,1.7,Spring,7.8,8.0,10.8,1.7,2026-03-07 12:07:13
Massachusetts General Hospital,Boston,MA,42.3628,-71.0686,AB+,16,2026-04-02,1.7,Spring,7.8,8.0,13.2,0.744,2026-03-07 12:07:13
Massachusetts General Hospital,Boston,MA,42.3628,-71.0686,AB-,6,2026-03-29,1.1,Spring,7.8,8.0,8.9,1.283,2026-03-07 12:07:13
Massachusetts General Hospital,Boston,MA,42.3628,-71.0686,AB-,9,2026-03-28,1.1,Spring,7.8,8.0,7.7,0.856,2026-03-07 12:07:13
Massachusetts General Hospital,Boston,MA,42.3628,-71.0686,AB-,17,2026-03-29,1.1,Spring,7.8,8.0,9.1,0.453,2026-03-07 12:07:13
Massachusetts General Hospital,Boston,MA,42.3628,-71.0686,O+,27,2026-03-28,6.8,Spring,7.8,8.0,53.2,1.763,2026-03-07 12:07:13
Massachusetts General Hospital,Boston,MA,42.3628,-71.0686,O+,18,2026-03-18,6.8,Spring,7.8,8.0,48.6,2.644,2026-03-07 12:07:13
Massachusetts General Hospital,Boston,MA,42.3628,-71.0686,O+,62,2026-03-21,6.8,Spring,7.8,8.0,50.7,0.768,2026-03-07 12:07:13
Massachusetts General Hospital,Boston,MA,42.3628,-71.0686,O-,25,2026-03-31,6.7,Spring,7.8,8.0,51.5,1.876,2026-03-07 12:07:13
Massachusetts General Hospital,Boston,MA,42.3628,-71.0686,O-,22,2026-03-30,6.7,Spring,7.8,8.0,44.6,2.132,2026-03-07 12:07:13
Massachusetts General Hospital,Boston,MA,42.3628,-71.0686,O-,59,2026-03-20,6.7,Spring,7.8,8.0,52.4,0.795,2026-03-07 12:07:13
Brigham and Women's Hospital,Boston,MA,42.3359,-71.1067,A+,28,2026-03-25,5.2,Spring,8.4,5.9,39.9,1.3,2026-03-07 12:07:13
Brigham and Women's Hospital,Boston,MA,42.3359,-71.1067,A+,25,2026-03-23,5.2,Spring,8.4,5.9,34.7,1.456,2026-03-07 12:07:13
Brigham and Women's Hospital,Boston,MA,42.3359,-71.1067,A+,78,2026-03-30,5.2,Spring,8.4,5.9,37.7,0.467,2026-03-07 12:07:13
Brigham and Women's Hospital,Boston,MA,42.3359,-71.1067,A-,18,2026-04-11,2.6,Spring,8.4,5.9,19.0,1.011,2026-03-07 12:07:13
Brigham and Women's Hospital,Boston,MA,42.3359,-71.1067,A-,16,2026-03-26,2.6,Spring,8.4,5.9,18.1,1.137,2026-03-07 12:07:13
Brigham and Women's Hospital,Boston,MA,42.3359,-71.1067,A-,39,2026-03-28,2.6,Spring,8.4,5.9,20.3,0.467,2026-03-07 12:07:13
Brigham and Women's Hospital,Boston,MA,42.3359,-71.1067,B+,16,2026-04-14,3.7,Spring,8.4,5.9,28.7,1.619,2026-03-07 12:07:13
Brigham and Women's Hospital,Boston,MA,42.3359,-71.1067,B+,15,2026-03-18,3.7,Spring,8.4,5.9,29.1,1.727,2026-03-07 12:07:13
Brigham and Women's Hospital,Boston,MA,42.3359,-71.1067,B+,60,2026-03-22,3.7,Spring,8.4,5.9,30.4,0.432,2026-03-07 12:07:13
Brigham and Women's Hospital,Boston,MA,42.3359,-71.1067,B-,6,2026-03-29,2.1,Spring,8.4,5.9,15.0,2.45,2026-03-07 12:07:13
Brigham and Women's Hospital,Boston,MA,42.3359,-71.1067,B-,7,2026-03-23,2.1,Spring,8.4,5.9,16.8,2.1,2026-03-07 12:07:13
Brigham and Women's Hospital,Boston,MA,42.3359,-71.1067,B-,22,2026-03-27,2.1,Spring,8.4,5.9,17.3,0.668,2026-03-07 12:07:13
Brigham and Women's Hospital,Boston,MA,42.3359,-71.1067,AB+,7,2026-04-18,1.8,Spring,8.4,5.9,14.3,1.8,2026-03-07 12:07:13
Brigham and Women's Hospital,Boston,MA,42.3359,-71.1067,AB+,8,2026-03-15,1.8,Spring,8.4,5.9,11.6,1.575,2026-03-07 12:07:13
Brigham and Women's Hospital,Boston,MA,42.3359,-71.1067,AB+,19,2026-03-28,1.8,Spring,8.4,5.9,12.8,0.663,2026-03-07 12:07:13
Brigham and Women's Hospital,Boston,MA,42.3359,-71.1067,AB-,5,2026-03-30,1.4,Spring,8.4,5.9,11.3,1.96,2026-03-07 12:07:13
Brigham and Women's Hospital,Boston,MA,42.3359,-71.1067,AB-,4,2026-03-30,1.4,Spring,8.4,5.9,9.9,2.45,2026-03-07 12:07:13
Brigham and Women's Hospital,Boston,MA,42.3359,-71.1067,AB-,18,2026-03-30,1.4,Spring,8.4,5.9,10.2,0.544,2026-03-07 12:07:13
Brigham and Women's Hospital,Boston,MA,42.3359,-71.1067,O+,19,2026-04-15,6.7,Spring,8.4,5.9,51.4,2.468,2026-03-07 12:07:13
Brigham and Women's Hospital,Boston,MA,42.3359,-71.1067,O+,24,2026-03-19,6.7,Spring,8.4,5.9,41.9,1.954,2026-03-07 12:07:13
Brigham and Women's Hospital,Boston,MA,42.3359,-71.1067,O+,63,2026-03-28,6.7,Spring,8.4,5.9,50.3,0.744,2026-03-07 12:07:13
Brigham and Women's Hospital,Boston,MA,42.3359,-71.1067,O-,22,2026-04-15,6.4,Spring,8.4,5.9,50.2,2.036,2026-03-07 12:07:13
Brigham and Women's Hospital,Boston,MA,42.3359,-71.1067,O-,23,2026-03-19,6.4,Spring,8.4,5.9,47.6,1.948,2026-03-07 12:07:13
Brigham and Women's Hospital,Boston,MA,42.3359,-71.1067,O-,52,2026-03-31,6.4,Spring,8.4,5.9,49.9,0.862,2026-03-07 12:07:13
Boston Medical Center,Boston,MA,42.3355,-71.0711,A+,9,2026-04-15,4.6,Spring,6.6,7.1,32.6,3.578,2026-03-07 12:07:13
Boston Medical Center,Boston,MA,42.3355,-71.0711,A+,20,2026-03-10,4.6,Spring,6.6,7.1,32.2,1.61,2026-03-07 12:07:13
Boston Medical Center,Boston,MA,42.3355,-71.0711,A-,3,2026-03-28,3.0,Spring,6.6,7.1,21.7,7.0,2026-03-07 12:07:13
Boston Medical Center,Boston,MA,42.3355,-71.0711,A-,9,2026-03-17,3.0,Spring,6.6,7.1,22.9,2.333,2026-03-07 12:07:13
Boston Medical Center,Boston,MA,42.3355,-71.0711,B+,9,2026-04-16,3.5,Spring,6.6,7.1,22.5,2.722,2026-03-07 12:07:13
Boston Medical Center,Boston,MA,42.3355,-71.0711,B+,17,2026-03-10,3.5,Spring,6.6,7.1,24.8,1.441,2026-03-07 12:07:13
Boston Medical Center,Boston,MA,42.3355,-71.0711,B-,4,2026-04-04,1.8,Spring,6.6,7.1,13.2,3.15,2026-03-07 12:07:13
Boston Medical Center,Boston,MA,42.3355,-71.0711,B-,9,2026-03-13,1.8,Spring,6.6,7.1,13.8,1.4,2026-03-07 12:07:13
Boston Medical Center,Boston,MA,42.3355,-71.0711,AB+,4,2026-04-05,2.1,Spring,6.6,7.1,13.8,3.675,2026-03-07 12:07:13
Boston Medical Center,Boston,MA,42.3355,-71.0711,AB+,9,2026-03-11,2.1,Spring,6.6,7.1,14.5,1.633,2026-03-07 12:07:13
Boston Medical Center,Boston,MA,42.3355,-71.0711,AB-,2,2026-04-11,1.2,Spring,6.6,7.1,7.6,4.2,2026-03-07 12:07:13
Boston Medical Center,Boston,MA,42.3355,-71.0711,AB-,4,2026-03-15,1.2,Spring,6.6,7.1,8.7,2.1,2026-03-07 12:07:13
Boston Medical Center,Boston,MA,42.3355,-71.0711,O+,16,2026-03-27,7.9,Spring,6.6,7.1,49.9,3.456,2026-03-07 12:07:13
Boston Medical Center,Boston,MA,42.3355,-71.0711,O+,39,2026-03-16,7.9,Spring,6.6,7.1,63.2,1.418,2026-03-07 12:07:13
Boston Medical Center,Boston,MA,42.3355,-71.0711,O-,14,2026-03-30,6.4,Spring,6.6,7.1,46.2,3.2,2026-03-07 12:07:13
Boston Medical Center,Boston,MA,42.3355,-71.0711,O-,29,2026-03-09,6.4,Spring,6.6,7.1,43.5,1.545,2026-03-07 12:07:13
UMass Memorial Medical Center,Worcester,MA,42.2626,-71.7938,A+,69,2026-04-10,4.0,Spring,4.5,6.3,26.7,0.406,2026-03-07 12:07:13
UMass Memorial Medical Center,Worcester,MA,42.2626,-71.7938,A+,113,2026-03-31,4.0,Spring,4.5,6.3,29.8,0.248,2026-03-07 12:07:13
UMass Memorial Medical Center,Worcester,MA,42.2626,-71.7938,A-,29,2026-04-12,2.4,Spring,4.5,6.3,18.1,0.579,2026-03-07 12:07:13
UMass Memorial Medical Center,Worcester,MA,42.2626,-71.7938,A-,56,2026-03-24,2.4,Spring,4.5,6.3,18.9,0.3,2026-03-07 12:07:13
UMass Memorial Medical Center,Worcester,MA,42.2626,-71.7938,B+,24,2026-04-14,3.2,Spring,4.5,6.3,21.1,0.933,2026-03-07 12:07:13
UMass Memorial Medical Center,Worcester,MA,42.2626,-71.7938,B+,48,2026-04-01,3.2,Spring,4.5,6.3,23.1,0.467,2026-03-07 12:07:13
UMass Memorial Medical Center,Worcester,MA,42.2626,-71.7938,B-,21,2026-04-03,2.2,Spring,4.5,6.3,16.7,0.733,2026-03-07 12:07:13
UMass Memorial Medical Center,Worcester,MA,42.2626,-71.7938,B-,41,2026-03-23,2.2,Spring,4.5,6.3,14.3,0.376,2026-03-07 12:07:13
UMass Memorial Medical Center,Worcester,MA,42.2626,-71.7938,AB+,17,2026-04-04,1.7,Spring,4.5,6.3,13.0,0.7,2026-03-07 12:07:13
UMass Memorial Medical Center,Worcester,MA,42.2626,-71.7938,AB+,30,2026-03-25,1.7,Spring,4.5,6.3,11.8,0.397,2026-03-07 12:07:13
UMass Memorial Medical Center,Worcester,MA,42.2626,-71.7938,AB-,9,2026-04-08,1.2,Spring,4.5,6.3,7.7,0.933,2026-03-07 12:07:13
UMass Memorial Medical Center,Worcester,MA,42.2626,-71.7938,AB-,21,2026-03-15,1.2,Spring,4.5,6.3,8.9,0.4,2026-03-07 12:07:13
UMass Memorial Medical Center,Worcester,MA,42.2626,-71.7938,O+,107,2026-03-30,6.5,Spring,4.5,6.3,49.9,0.425,2026-03-07 12:07:13
UMass Memorial Medical Center,Worcester,MA,42.2626,-71.7938,O+,169,2026-03-20,6.5,Spring,4.5,6.3,47.1,0.269,2026-03-07 12:07:13
UMass Memorial Medical Center,Worcester,MA,42.2626,-71.7938,O-,42,2026-03-25,5.8,Spring,4.5,6.3,41.3,0.967,2026-03-07 12:07:13
UMass Memorial Medical Center,Worcester,MA,42.2626,-71.7938,O-,101,2026-03-21,5.8,Spring,4.5,6.3,36.3,0.402,2026-03-07 12:07:13
Baystate Medical Center,Springfield,MA,42.1051,-72.59,A+,35,2026-04-11,4.8,Spring,5.5,6.1,30.9,0.96,2026-03-07 12:07:13
Baystate Medical Center,Springfield,MA,42.1051,-72.59,A+,106,2026-03-22,4.8,Spring,5.5,6.1,33.3,0.317,2026-03-07 12:07:13
Baystate Medical Center,Springfield,MA,42.1051,-72.59,A-,26,2026-03-31,2.7,Spring,5.5,6.1,18.8,0.727,2026-03-07 12:07:13
Baystate Medical Center,Springfield,MA,42.1051,-72.59,A-,55,2026-03-28,2.7,Spring,5.5,6.1,22.2,0.344,2026-03-07 12:07:13
Baystate Medical Center,Springfield,MA,42.1051,-72.59,B+,34,2026-03-28,4.2,Spring,5.5,6.1,28.9,0.865,2026-03-07 12:07:13
Baystate Medical Center,Springfield,MA,42.1051,-72.59,B+,59,2026-03-25,4.2,Spring,5.5,6.1,30.4,0.498,2026-03-07 12:07:13
Baystate Medical Center,Springfield,MA,42.1051,-72.59,B-,18,2026-03-29,2.1,Spring,5.5,6.1,15.2,0.817,2026-03-07 12:07:13
Baystate Medical Center,Springfield,MA,42.1051,-72.59,B-,30,2026-03-18,2.1,Spring,5.5,6.1,14.4,0.49,2026-03-07 12:07:13
Baystate Medical Center,Springfield,MA,42.1051,-72.59,AB+,15,2026-04-13,1.9,Spring,5.5,6.1,13.0,0.887,2026-03-07 12:07:13
Baystate Medical Center,Springfield,MA,42.1051,-72.59,AB+,32,2026-03-30,1.9,Spring,5.5,6.1,12.9,0.416,2026-03-07 12:07:13
Baystate Medical Center,Springfield,MA,42.1051,-72.59,AB-,10,2026-04-15,1.3,Spring,5.5,6.1,8.8,0.91,2026-03-07 12:07:13
Baystate Medical Center,Springfield,MA,42.1051,-72.59,AB-,23,2026-03-14,1.3,Spring,5.5,6.1,9.8,0.396,2026-03-07 12:07:13
Baystate Medical Center,Springfield,MA,42.1051,-72.59,O+,104,2026-04-01,8.5,Spring,5.5,6.1,55.4,0.572,2026-03-07 12:07:13
Baystate Medical Center,Springfield,MA,42.1051,-72.59,O+,198,2026-03-26,8.5,Spring,5.5,6.1,52.9,0.301,2026-03-07 12:07:13
Baystate Medical Center,Springfield,MA,42.1051,-72.59,O-,50,2026-03-25,6.8,Spring,5.5,6.1,47.8,0.952,2026-03-07 12:07:13
Baystate Medical Center,Springfield,MA,42.1051,-72.59,O-,114,2026-03-20,6.8,Spring,5.5,6.1,55.0,0.418,2026-03-07 12:07:13
Northeast Blood Services (ARC),Boston,MA,42.3601,-71.0589,A+,53,2026-03-31,3.7,Spring,5.1,4.2,26.5,0.489,2026-03-07 12:07:13
Northeast Blood Services (ARC),Boston,MA,42.3601,-71.0589,A+,82,2026-03-26,3.7,Spring,5.1,4.2,29.9,0.316,2026-03-07 12:07:13
Northeast Blood Services (ARC),Boston,MA,42.3601,-71.0589,A-,45,2026-04-18,2.6,Spring,5.1,4.2,20.4,0.404,2026-03-07 12:07:13
Northeast Blood Services (ARC),Boston,MA,42.3601,-71.0589,A-,68,2026-03-22,2.6,Spring,5.1,4.2,17.4,0.268,2026-03-07 12:07:13
Northeast Blood Services (ARC),Boston,MA,42.3601,-71.0589,B+,62,2026-04-03,4.0,Spring,5.1,4.2,30.4,0.452,2026-03-07 12:07:13
Northeast Blood Services (ARC),Boston,MA,42.3601,-71.0589,B+,101,2026-03-29,4.0,Spring,5.1,4.2,32.5,0.277,2026-03-07 12:07:13
Northeast Blood Services (ARC),Boston,MA,42.3601,-71.0589,B-,32,2026-03-28,2.3,Spring,5.1,4.2,18.5,0.503,2026-03-07 12:07:13
Northeast Blood Services (ARC),Boston,MA,42.3601,-71.0589,B-,71,2026-03-26,2.3,Spring,5.1,4.2,18.1,0.227,2026-03-07 12:07:13
Northeast Blood Services (ARC),Boston,MA,42.3601,-71.0589,AB+,22,2026-04-16,1.7,Spring,5.1,4.2,12.8,0.541,2026-03-07 12:07:13
Northeast Blood Services (ARC),Boston,MA,42.3601,-71.0589,AB+,51,2026-03-29,1.7,Spring,5.1,4.2,11.4,0.233,2026-03-07 12:07:13
Northeast Blood Services (ARC),Boston,MA,42.3601,-71.0589,AB-,17,2026-03-28,1.2,Spring,5.1,4.2,8.0,0.494,2026-03-07 12:07:13
Northeast Blood Services (ARC),Boston,MA,42.3601,-71.0589,AB-,30,2026-03-30,1.2,Spring,5.1,4.2,7.6,0.28,2026-03-07 12:07:13
Northeast Blood Services (ARC),Boston,MA,42.3601,-71.0589,O+,99,2026-04-15,6.7,Spring,5.1,4.2,49.0,0.474,2026-03-07 12:07:13
Northeast Blood Services (ARC),Boston,MA,42.3601,-71.0589,O+,238,2026-03-19,6.7,Spring,5.1,4.2,53.6,0.197,2026-03-07 12:07:13
Northeast Blood Services (ARC),Boston,MA,42.3601,-71.0589,O-,71,2026-04-03,5.7,Spring,5.1,4.2,46.0,0.562,2026-03-07 12:07:13
Northeast Blood Services (ARC),Boston,MA,42.3601,-71.0589,O-,136,2026-03-16,5.7,Spring,5.1,4.2,44.0,0.293,2026-03-07 12:07:13
Yale New Haven Hospital,New Haven,CT,41.3042,-72.9349,A+,24,2026-03-30,5.2,Spring,9.2,5.6,41.2,1.517,2026-03-07 12:07:13
Yale New Haven Hospital,New Haven,CT,41.3042,-72.9349,A+,20,2026-03-29,5.2,Spring,9.2,5.6,41.6,1.82,2026-03-07 12:07:13
Yale New Haven Hospital,New Haven,CT,41.3042,-72.9349,A+,56,2026-03-26,5.2,Spring,9.2,5.6,38.2,0.65,2026-03-07 12:07:13
Yale New Haven Hospital,New Haven,CT,41.3042,-72.9349,A-,15,2026-04-03,2.4,Spring,9.2,5.6,17.4,1.12,2026-03-07 12:07:13
Yale New Haven Hospital,New Haven,CT,41.3042,-72.9349,A-,17,2026-03-18,2.4,Spring,9.2,5.6,15.8,0.988,2026-03-07 12:07:13
Yale New Haven Hospital,New Haven,CT,41.3042,-72.9349,A-,45,2026-03-20,2.4,Spring,9.2,5.6,18.1,0.373,2026-03-07 12:07:13
Yale New Haven Hospital,New Haven,CT,41.3042,-72.9349,B+,15,2026-04-04,4.2,Spring,9.2,5.6,32.6,1.96,2026-03-07 12:07:13
Yale New Haven Hospital,New Haven,CT,41.3042,-72.9349,B+,14,2026-03-19,4.2,Spring,9.2,5.6,29.4,2.1,2026-03-07 12:07:13
Yale New Haven Hospital,New Haven,CT,41.3042,-72.9349,B+,33,2026-03-30,4.2,Spring,9.2,5.6,31.8,0.891,2026-03-07 12:07:13
Yale New Haven Hospital,New Haven,CT,41.3042,-72.9349,B-,6,2026-04-04,1.8,Spring,9.2,5.6,12.5,2.1,2026-03-07 12:07:13
Yale New Haven Hospital,New Haven,CT,41.3042,-72.9349,B-,8,2026-03-28,1.8,Spring,9.2,5.6,12.2,1.575,2026-03-07 12:07:13
Yale New Haven Hospital,New Haven,CT,41.3042,-72.9349,B-,19,2026-04-04,1.8,Spring,9.2,5.6,13.7,0.663,2026-03-07 12:07:13
Yale New Haven Hospital,New Haven,CT,41.3042,-72.9349,AB+,4,2026-04-03,1.5,Spring,9.2,5.6,12.1,2.625,2026-03-07 12:07:13
Yale New Haven Hospital,New Haven,CT,41.3042,-72.9349,AB+,6,2026-03-23,1.5,Spring,9.2,5.6,12.2,1.75,2026-03-07 12:07:13
Yale New Haven Hospital,New Haven,CT,41.3042,-72.9349,AB+,13,2026-03-28,1.5,Spring,9.2,5.6,9.7,0.808,2026-03-07 12:07:13
Yale New Haven Hospital,New Haven,CT,41.3042,-72.9349,AB-,5,2026-04-13,1.0,Spring,9.2,5.6,8.1,1.4,2026-03-07 12:07:13
Yale New Haven Hospital,New Haven,CT,41.3042,-72.9349,AB-,7,2026-03-31,1.0,Spring,9.2,5.6,7.8,1.0,2026-03-07 12:07:13
Yale New Haven Hospital,New Haven,CT,41.3042,-72.9349,AB-,17,2026-04-07,1.0,Spring,9.2,5.6,6.3,0.412,2026-03-07 12:07:13
Yale New Haven Hospital,New Haven,CT,41.3042,-72.9349,O+,41,2026-03-27,7.0,Spring,9.2,5.6,55.3,1.195,2026-03-07 12:07:13
Yale New Haven Hospital,New Haven,CT,41.3042,-72.9349,O+,31,2026-03-30,7.0,Spring,9.2,5.6,45.5,1.581,2026-03-07 12:07:13
Yale New Haven Hospital,New Haven,CT,41.3042,-72.9349,O+,113,2026-04-02,7.0,Spring,9.2,5.6,53.7,0.434,2026-03-07 12:07:13
Yale New Haven Hospital,New Haven,CT,41.3042,-72.9349,O-,40,2026-04-08,5.8,Spring,9.2,5.6,42.0,1.015,2026-03-07 12:07:13
Yale New Haven Hospital,New Haven,CT,41.3042,-72.9349,O-,36,2026-03-28,5.8,Spring,9.2,5.6,43.9,1.128,2026-03-07 12:07:13
Yale New Haven Hospital,New Haven,CT,41.3042,-72.9349,O-,96,2026-03-26,5.8,Spring,9.2,5.6,45.7,0.423,2026-03-07 12:07:13
Hartford Hospital,Hartford,CT,41.7637,-72.6901,A+,30,2026-03-27,3.7,Spring,6.2,5.0,29.7,0.863,2026-03-07 12:07:13
Hartford Hospital,Hartford,CT,41.7637,-72.6901,A+,67,2026-03-29,3.7,Spring,6.2,5.0,28.8,0.387,2026-03-07 12:07:13
Hartford Hospital,Hartford,CT,41.7637,-72.6901,A-,48,2026-04-14,3.1,Spring,6.2,5.0,24.9,0.452,2026-03-07 12:07:13
Hartford Hospital,Hartford,CT,41.7637,-72.6901,A-,96,2026-03-28,3.1,Spring,6.2,5.0,21.5,0.226,2026-03-07 12:07:13
Hartford Hospital,Hartford,CT,41.7637,-72.6901,B+,46,2026-04-11,4.2,Spring,6.2,5.0,26.9,0.639,2026-03-07 12:07:13
Hartford Hospital,Hartford,CT,41.7637,-72.6901,B+,86,2026-03-31,4.2,Spring,6.2,5.0,34.5,0.342,2026-03-07 12:07:13
Hartford Hospital,Hartford,CT,41.7637,-72.6901,B-,30,2026-04-03,2.4,Spring,6.2,5.0,16.9,0.56,2026-03-07 12:07:13
Hartford Hospital,Hartford,CT,41.7637,-72.6901,B-,54,2026-03-26,2.4,Spring,6.2,5.0,16.5,0.311,2026-03-07 12:07:13
Hartford Hospital,Hartford,CT,41.7637,-72.6901,AB+,20,2026-04-17,1.6,Spring,6.2,5.0,12.1,0.56,2026-03-07 12:07:13
Hartford Hospital,Hartford,CT,41.7637,-72.6901,AB+,37,2026-03-14,1.6,Spring,6.2,5.0,11.9,0.303,2026-03-07 12:07:13
Hartford Hospital,Hartford,CT,41.7637,-72.6901,AB-,10,2026-03-26,1.2,Spring,6.2,5.0,8.5,0.84,2026-03-07 12:07:13
Hartford Hospital,Hartford,CT,41.7637,-72.6901,AB-,31,2026-03-31,1.2,Spring,6.2,5.0,7.5,0.271,2026-03-07 12:07:13
Hartford Hospital,Hartford,CT,41.7637,-72.6901,O+,68,2026-04-17,7.2,Spring,6.2,5.0,56.0,0.741,2026-03-07 12:07:13
Hartford Hospital,Hartford,CT,41.7637,-72.6901,O+,144,2026-03-24,7.2,Spring,6.2,5.0,59.3,0.35,2026-03-07 12:07:13
Hartford Hospital,Hartford,CT,41.7637,-72.6901,O-,53,2026-04-02,5.8,Spring,6.2,5.0,46.4,0.766,2026-03-07 12:07:13
Hartford Hospital,Hartford,CT,41.7637,-72.6901,O-,112,2026-03-19,5.8,Spring,6.2,5.0,41.8,0.362,2026-03-07 12:07:13
Bridgeport Hospital,Bridgeport,CT,41.1665,-73.1957,A+,62,2026-04-04,4.8,Spring,6.9,6.3,32.6,0.542,2026-03-07 12:07:13
Bridgeport Hospital,Bridgeport,CT,41.1665,-73.1957,A+,119,2026-03-19,4.8,Spring,6.9,6.3,38.1,0.282,2026-03-07 12:07:13
Bridgeport Hospital,Bridgeport,CT,41.1665,-73.1957,A-,36,2026-04-08,2.6,Spring,6.9,6.3,21.3,0.506,2026-03-07 12:07:13
Bridgeport Hospital,Bridgeport,CT,41.1665,-73.1957,A-,60,2026-03-31,2.6,Spring,6.9,6.3,17.4,0.303,2026-03-07 12:07:13
Bridgeport Hospital,Bridgeport,CT,41.1665,-73.1957,B+,27,2026-04-08,3.6,Spring,6.9,6.3,27.7,0.933,2026-03-07 12:07:13
Bridgeport Hospital,Bridgeport,CT,41.1665,-73.1957,B+,52,2026-03-20,3.6,Spring,6.9,6.3,26.7,0.485,2026-03-07 12:07:13
Bridgeport Hospital,Bridgeport,CT,41.1665,-73.1957,B-,13,2026-04-18,1.7,Spring,6.9,6.3,11.2,0.915,2026-03-07 12:07:13
Bridgeport Hospital,Bridgeport,CT,41.1665,-73.1957,B-,24,2026-03-20,1.7,Spring,6.9,6.3,13.9,0.496,2026-03-07 12:07:13
Bridgeport Hospital,Bridgeport,CT,41.1665,-73.1957,AB+,19,2026-04-17,1.5,Spring,6.9,6.3,10.7,0.553,2026-03-07 12:07:13
Bridgeport Hospital,Bridgeport,CT,41.1665,-73.1957,AB+,43,2026-03-21,1.5,Spring,6.9,6.3,10.5,0.244,2026-03-07 12:07:13
Bridgeport Hospital,Bridgeport,CT,41.1665,-73.1957,AB-,9,2026-04-03,1.1,Spring,6.9,6.3,7.6,0.856,2026-03-07 12:07:13
Bridgeport Hospital,Bridgeport,CT,41.1665,-73.1957,AB-,22,2026-03-22,1.1,Spring,6.9,6.3,7.9,0.35,2026-03-07 12:07:13
Bridgeport Hospital,Bridgeport,CT,41.1665,-73.1957,O+,123,2026-04-18,8.0,Spring,6.9,6.3,55.5,0.455,2026-03-07 12:07:13
Bridgeport Hospital,Bridgeport,CT,41.1665,-73.1957,O+,213,2026-03-27,8.0,Spring,6.9,6.3,61.7,0.263,2026-03-07 12:07:13
Bridgeport Hospital,Bridgeport,CT,41.1665,-73.1957,O-,51,2026-04-12,4.7,Spring,6.9,6.3,30.5,0.645,2026-03-07 12:07:13
Bridgeport Hospital,Bridgeport,CT,41.1665,-73.1957,O-,104,2026-03-24,4.7,Spring,6.9,6.3,31.4,0.316,2026-03-07 12:07:13
Rhode Island Hospital,Providence,RI,41.8236,-71.4222,A+,30,2026-04-09,4.2,Spring,8.6,8.8,30.2,0.98,2026-03-07 12:07:13
Rhode Island Hospital,Providence,RI,41.8236,-71.4222,A+,20,2026-03-10,4.2,Spring,8.6,8.8,30.2,1.47,2026-03-07 12:07:13
Rhode Island Hospital,Providence,RI,41.8236,-71.4222,A+,75,2026-04-03,4.2,Spring,8.6,8.8,30.5,0.392,2026-03-07 12:07:13
Rhode Island Hospital,Providence,RI,41.8236,-71.4222,A-,6,2026-04-15,3.2,Spring,8.6,8.8,20.6,3.733,2026-03-07 12:07:13
Rhode Island Hospital,Providence,RI,41.8236,-71.4222,A-,10,2026-03-08,3.2,Spring,8.6,8.8,23.1,2.24,2026-03-07 12:07:13
Rhode Island Hospital,Providence,RI,41.8236,-71.4222,A-,32,2026-03-28,3.2,Spring,8.6,8.8,26.0,0.7,2026-03-07 12:07:13
Rhode Island Hospital,Providence,RI,41.8236,-71.4222,B+,17,2026-03-25,4.5,Spring,8.6,8.8,27.8,1.853,2026-03-07 12:07:13
Rhode Island Hospital,Providence,RI,41.8236,-71.4222,B+,22,2026-03-10,4.5,Spring,8.6,8.8,32.5,1.432,2026-03-07 12:07:13
Rhode Island Hospital,Providence,RI,41.8236,-71.4222,B+,73,2026-04-08,4.5,Spring,8.6,8.8,36.3,0.432,2026-03-07 12:07:13
Rhode Island Hospital,Providence,RI,41.8236,-71.4222,B-,5,2026-03-29,1.8,Spring,8.6,8.8,12.0,2.52,2026-03-07 12:07:13
Rhode Island Hospital,Providence,RI,41.8236,-71.4222,B-,6,2026-03-10,1.8,Spring,8.6,8.8,14.7,2.1,2026-03-07 12:07:13
Rhode Island Hospital,Providence,RI,41.8236,-71.4222,B-,20,2026-03-31,1.8,Spring,8.6,8.8,11.9,0.63,2026-03-07 12:07:13
Rhode Island Hospital,Providence,RI,41.8236,-71.4222,AB+,14,2026-04-14,1.9,Spring,8.6,8.8,11.8,0.95,2026-03-07 12:07:13
Rhode Island Hospital,Providence,RI,41.8236,-71.4222,AB+,10,2026-03-11,1.9,Spring,8.6,8.8,14.2,1.33,2026-03-07 12:07:13
Rhode Island Hospital,Providence,RI,41.8236,-71.4222,AB+,31,2026-04-08,1.9,Spring,8.6,8.8,13.4,0.429,2026-03-07 12:07:13
Rhode Island Hospital,Providence,RI,41.8236,-71.4222,AB-,8,2026-03-28,1.3,Spring,8.6,8.8,8.6,1.137,2026-03-07 12:07:13
Rhode Island Hospital,Providence,RI,41.8236,-71.4222,AB-,6,2026-03-11,1.3,Spring,8.6,8.8,9.9,1.517,2026-03-07 12:07:13
Rhode Island Hospital,Providence,RI,41.8236,-71.4222,AB-,18,2026-03-25,1.3,Spring,8.6,8.8,8.1,0.506,2026-03-07 12:07:13
Rhode Island Hospital,Providence,RI,41.8236,-71.4222,O+,39,2026-03-31,8.4,Spring,8.6,8.8,64.3,1.508,2026-03-07 12:07:13
Rhode Island Hospital,Providence,RI,41.8236,-71.4222,O+,31,2026-03-08,8.4,Spring,8.6,8.8,61.7,1.897,2026-03-07 12:07:13
Rhode Island Hospital,Providence,RI,41.8236,-71.4222,O+,100,2026-03-29,8.4,Spring,8.6,8.8,58.5,0.588,2026-03-07 12:07:13
Rhode Island Hospital,Providence,RI,41.8236,-71.4222,O-,40,2026-04-16,6.3,Spring,8.6,8.8,51.7,1.103,2026-03-07 12:07:13
Rhode Island Hospital,Providence,RI,41.8236,-71.4222,O-,37,2026-03-08,6.3,Spring,8.6,8.8,43.3,1.192,2026-03-07 12:07:13
Rhode Island Hospital,Providence,RI,41.8236,-71.4222,O-,98,2026-04-05,6.3,Spring,8.6,8.8,49.0,0.45,2026-03-07 12:07:13
Miriam Hospital,Providence,RI,41.838,-71.3972,A+,54,2026-04-05,5.3,Spring,4.1,4.0,34.7,0.687,2026-03-07 12:07:13
Miriam Hospital,Providence,RI,41.838,-71.3972,A+,96,2026-04-01,5.3,Spring,4.1,4.0,39.5,0.386,2026-03-07 12:07:13
Miriam Hospital,Providence,RI,41.838,-71.3972,A-,32,2026-03-27,3.1,Spring,4.1,4.0,24.2,0.678,2026-03-07 12:07:13
Miriam Hospital,Providence,RI,41.838,-71.3972,A-,70,2026-03-18,3.1,Spring,4.1,4.0,19.8,0.31,2026-03-07 12:07:13
Miriam Hospital,Providence,RI,41.838,-71.3972,B+,28,2026-04-05,3.2,Spring,4.1,4.0,20.3,0.8,2026-03-07 12:07:13
Miriam Hospital,Providence,RI,41.838,-71.3972,B+,59,2026-03-27,3.2,Spring,4.1,4.0,22.5,0.38,2026-03-07 12:07:13
Miriam Hospital,Providence,RI,41.838,-71.3972,B-,18,2026-03-27,1.7,Spring,4.1,4.0,13.6,0.661,2026-03-07 12:07:13
Miriam Hospital,Providence,RI,41.838,-71.3972,B-,31,2026-03-14,1.7,Spring,4.1,4.0,10.8,0.384,2026-03-07 12:07:13
Miriam Hospital,Providence,RI,41.838,-71.3972,AB+,25,2026-04-01,2.1,Spring,4.1,4.0,14.6,0.588,2026-03-07 12:07:13
Miriam Hospital,Providence,RI,41.838,-71.3972,AB+,52,2026-03-18,2.1,Spring,4.1,4.0,13.6,0.283,2026-03-07 12:07:13
Miriam Hospital,Providence,RI,41.838,-71.3972,AB-,7,2026-04-03,1.0,Spring,4.1,4.0,6.7,1.0,2026-03-07 12:07:13
Miriam Hospital,Providence,RI,41.838,-71.3972,AB-,17,2026-03-21,1.0,Spring,4.1,4.0,7.5,0.412,2026-03-07 12:07:13
Miriam Hospital,Providence,RI,41.838,-71.3972,O+,63,2026-03-25,7.1,Spring,4.1,4.0,53.0,0.789,2026-03-07 12:07:13
Miriam Hospital,Providence,RI,41.838,-71.3972,O+,110,2026-03-24,7.1,Spring,4.1,4.0,56.0,0.452,2026-03-07 12:07:13
Miriam Hospital,Providence,RI,41.838,-71.3972,O-,71,2026-04-03,6.1,Spring,4.1,4.0,40.1,0.601,2026-03-07 12:07:13
Miriam Hospital,Providence,RI,41.838,-71.3972,O-,132,2026-03-24,6.1,Spring,4.1,4.0,41.7,0.323,2026-03-07 12:07:13
UVM Medical Center,Burlington,VT,44.4759,-73.2121,A+,68,2026-04-04,5.3,Spring,6.2,5.2,37.0,0.546,2026-03-07 12:07:13
UVM Medical Center,Burlington,VT,44.4759,-73.2121,A+,120,2026-03-17,5.3,Spring,6.2,5.2,43.7,0.309,2026-03-07 12:07:13
UVM Medical Center,Burlington,VT,44.4759,-73.2121,A-,36,2026-03-25,2.5,Spring,6.2,5.2,19.1,0.486,2026-03-07 12:07:13
UVM Medical Center,Burlington,VT,44.4759,-73.2121,A-,68,2026-03-28,2.5,Spring,6.2,5.2,15.8,0.257,2026-03-07 12:07:13
UVM Medical Center,Burlington,VT,44.4759,-73.2121,B+,57,2026-04-15,4.4,Spring,6.2,5.2,29.3,0.54,2026-03-07 12:07:13
UVM Medical Center,Burlington,VT,44.4759,-73.2121,B+,120,2026-03-18,4.4,Spring,6.2,5.2,27.8,0.257,2026-03-07 12:07:13
UVM Medical Center,Burlington,VT,44.4759,-73.2121,B-,29,2026-04-06,2.5,Spring,6.2,5.2,20.0,0.603,2026-03-07 12:07:13
UVM Medical Center,Burlington,VT,44.4759,-73.2121,B-,56,2026-03-27,2.5,Spring,6.2,5.2,17.3,0.312,2026-03-07 12:07:13
UVM Medical Center,Burlington,VT,44.4759,-73.2121,AB+,23,2026-04-14,2.1,Spring,6.2,5.2,14.0,0.639,2026-03-07 12:07:13
UVM Medical Center,Burlington,VT,44.4759,-73.2121,AB+,46,2026-03-25,2.1,Spring,6.2,5.2,15.4,0.32,2026-03-07 12:07:13
UVM Medical Center,Burlington,VT,44.4759,-73.2121,AB-,15,2026-04-18,1.3,Spring,6.2,5.2,8.3,0.607,2026-03-07 12:07:13
UVM Medical Center,Burlington,VT,44.4759,-73.2121,AB-,30,2026-03-17,1.3,Spring,6.2,5.2,9.4,0.303,2026-03-07 12:07:13
UVM Medical Center,Burlington,VT,44.4759,-73.2121,O+,76,2026-04-08,7.4,Spring,6.2,5.2,56.1,0.682,2026-03-07 12:07:13
UVM Medical Center,Burlington,VT,44.4759,-73.2121,O+,187,2026-03-30,7.4,Spring,6.2,5.2,53.1,0.277,2026-03-07 12:07:13
UVM Medical Center,Burlington,VT,44.4759,-73.2121,O-,68,2026-03-27,5.3,Spring,6.2,5.2,34.2,0.546,2026-03-07 12:07:13
UVM Medical Center,Burlington,VT,44.4759,-73.2121,O-,154,2026-03-23,5.3,Spring,6.2,5.2,38.4,0.241,2026-03-07 12:07:13
Dartmouth-Hitchcock Medical Center,Lebanon,NH,43.6435,-72.3276,A+,76,2026-03-27,4.9,Spring,3.5,2.3,31.4,0.451,2026-03-07 12:07:13
Dartmouth-Hitchcock Medical Center,Lebanon,NH,43.6435,-72.3276,A+,160,2026-03-24,4.9,Spring,3.5,2.3,31.9,0.214,2026-03-07 12:07:13
Dartmouth-Hitchcock Medical Center,Lebanon,NH,43.6435,-72.3276,A-,42,2026-03-30,3.3,Spring,3.5,2.3,23.3,0.55,2026-03-07 12:07:13
Dartmouth-Hitchcock Medical Center,Lebanon,NH,43.6435,-72.3276,A-,86,2026-03-28,3.3,Spring,3.5,2.3,21.6,0.269,2026-03-07 12:07:13
Dartmouth-Hitchcock Medical Center,Lebanon,NH,43.6435,-72.3276,B+,76,2026-03-25,4.1,Spring,3.5,2.3,29.1,0.378,2026-03-07 12:07:13
Dartmouth-Hitchcock Medical Center,Lebanon,NH,43.6435,-72.3276,B+,133,2026-03-27,4.1,Spring,3.5,2.3,27.0,0.216,2026-03-07 12:07:13
Dartmouth-Hitchcock Medical Center,Lebanon,NH,43.6435,-72.3276,B-,49,2026-03-27,2.3,Spring,3.5,2.3,16.8,0.329,2026-03-07 12:07:13
Dartmouth-Hitchcock Medical Center,Lebanon,NH,43.6435,-72.3276,B-,86,2026-03-25,2.3,Spring,3.5,2.3,15.4,0.187,2026-03-07 12:07:13
Dartmouth-Hitchcock Medical Center,Lebanon,NH,43.6435,-72.3276,AB+,29,2026-04-14,2.0,Spring,3.5,2.3,14.0,0.483,2026-03-07 12:07:13
Dartmouth-Hitchcock Medical Center,Lebanon,NH,43.6435,-72.3276,AB+,71,2026-03-17,2.0,Spring,3.5,2.3,14.9,0.197,2026-03-07 12:07:13
Dartmouth-Hitchcock Medical Center,Lebanon,NH,43.6435,-72.3276,AB-,28,2026-04-03,1.3,Spring,3.5,2.3,9.8,0.325,2026-03-07 12:07:13
Dartmouth-Hitchcock Medical Center,Lebanon,NH,43.6435,-72.3276,AB-,44,2026-03-24,1.3,Spring,3.5,2.3,8.5,0.207,2026-03-07 12:07:13
Dartmouth-Hitchcock Medical Center,Lebanon,NH,43.6435,-72.3276,O+,131,2026-04-07,7.7,Spring,3.5,2.3,54.3,0.411,2026-03-07 12:07:13
Dartmouth-Hitchcock Medical Center,Lebanon,NH,43.6435,-72.3276,O+,262,2026-03-29,7.7,Spring,3.5,2.3,57.9,0.206,2026-03-07 12:07:13
Dartmouth-Hitchcock Medical Center,Lebanon,NH,43.6435,-72.3276,O-,94,2026-04-09,6.9,Spring,3.5,2.3,54.7,0.514,2026-03-07 12:07:13
Dartmouth-Hitchcock Medical Center,Lebanon,NH,43.6435,-72.3276,O-,259,2026-03-15,6.9,Spring,3.5,2.3,49.5,0.186,2026-03-07 12:07:13
Concord Hospital,Concord,NH,43.2081,-71.5376,A+,55,2026-04-07,4.6,Spring,4.6,4.3,36.4,0.585,2026-03-07 12:07:13
Concord Hospital,Concord,NH,43.2081,-71.5376,A+,108,2026-03-29,4.6,Spring,4.6,4.3,36.0,0.298,2026-03-07 12:07:13
Concord Hospital,Concord,NH,43.2081,-71.5376,A-,16,2026-04-01,2.5,Spring,4.6,4.3,17.8,1.094,2026-03-07 12:07:13
Concord Hospital,Concord,NH,43.2081,-71.5376,A-,31,2026-03-29,2.5,Spring,4.6,4.3,16.0,0.565,2026-03-07 12:07:13
Concord Hospital,Concord,NH,43.2081,-71.5376,B+,60,2026-04-05,4.3,Spring,4.6,4.3,33.4,0.502,2026-03-07 12:07:13
Concord Hospital,Concord,NH,43.2081,-71.5376,B+,125,2026-03-28,4.3,Spring,4.6,4.3,27.4,0.241,2026-03-07 12:07:13
Concord Hospital,Concord,NH,43.2081,-71.5376,B-,29,2026-04-03,2.4,Spring,4.6,4.3,16.1,0.579,2026-03-07 12:07:13
Concord Hospital,Concord,NH,43.2081,-71.5376,B-,67,2026-03-16,2.4,Spring,4.6,4.3,18.7,0.251,2026-03-07 12:07:13
Concord Hospital,Concord,NH,43.2081,-71.5376,AB+,24,2026-04-12,1.6,Spring,4.6,4.3,11.9,0.467,2026-03-07 12:07:13
Concord Hospital,Concord,NH,43.2081,-71.5376,AB+,36,2026-03-27,1.6,Spring,4.6,4.3,10.6,0.311,2026-03-07 12:07:13
Concord Hospital,Concord,NH,43.2081,-71.5376,AB-,8,2026-04-05,1.1,Spring,4.6,4.3,7.2,0.963,2026-03-07 12:07:13
Concord Hospital,Concord,NH,43.2081,-71.5376,AB-,15,2026-03-23,1.1,Spring,4.6,4.3,8.8,0.513,2026-03-07 12:07:13
Concord Hospital,Concord,NH,43.2081,-71.5376,O+,91,2026-03-28,8.5,Spring,4.6,4.3,59.7,0.654,2026-03-07 12:07:13
Concord Hospital,Concord,NH,43.2081,-71.5376,O+,221,2026-03-15,8.5,Spring,4.6,4.3,54.6,0.269,2026-03-07 12:07:13
Concord Hospital,Concord,NH,43.2081,-71.5376,O-,49,2026-04-16,6.6,Spring,4.6,4.3,52.3,0.943,2026-03-07 12:07:13
Concord Hospital,Concord,NH,43.2081,-71.5376,O-,118,2026-03-26,6.6,Spring,4.6,4.3,44.4,0.392,2026-03-07 12:07:13
Maine Medical Center,Portland,ME,43.6591,-70.2568,A+,63,2026-03-27,4.7,Spring,5.2,4.6,35.8,0.522,2026-03-07 12:07:13
Maine Medical Center,Portland,ME,43.6591,-70.2568,A+,123,2026-03-25,4.7,Spring,5.2,4.6,34.7,0.267,2026-03-07 12:07:13
Maine Medical Center,Portland,ME,43.6591,-70.2568,A-,44,2026-03-27,3.2,Spring,5.2,4.6,24.2,0.509,2026-03-07 12:07:13
Maine Medical Center,Portland,ME,43.6591,-70.2568,A-,90,2026-03-25,3.2,Spring,5.2,4.6,22.4,0.249,2026-03-07 12:07:13
Maine Medical Center,Portland,ME,43.6591,-70.2568,B+,58,2026-04-09,4.6,Spring,5.2,4.6,31.6,0.555,2026-03-07 12:07:13
Maine Medical Center,Portland,ME,43.6591,-70.2568,B+,129,2026-04-01,4.6,Spring,5.2,4.6,36.0,0.25,2026-03-07 12:07:13
Maine Medical Center,Portland,ME,43.6591,-70.2568,B-,26,2026-03-26,2.4,Spring,5.2,4.6,17.1,0.646,2026-03-07 12:07:13
Maine Medical Center,Portland,ME,43.6591,-70.2568,B-,53,2026-03-17,2.4,Spring,5.2,4.6,17.1,0.317,2026-03-07 12:07:13
Maine Medical Center,Portland,ME,43.6591,-70.2568,AB+,27,2026-04-16,2.1,Spring,5.2,4.6,14.3,0.544,2026-03-07 12:07:13
Maine Medical Center,Portland,ME,43.6591,-70.2568,AB+,40,2026-03-22,2.1,Spring,5.2,4.6,13.3,0.368,2026-03-07 12:07:13
Maine Medical Center,Portland,ME,43.6591,-70.2568,AB-,13,2026-03-26,1.3,Spring,5.2,4.6,9.9,0.7,2026-03-07 12:07:13
Maine Medical Center,Portland,ME,43.6591,-70.2568,AB-,26,2026-03-21,1.3,Spring,5.2,4.6,8.3,0.35,2026-03-07 12:07:13
Maine Medical Center,Portland,ME,43.6591,-70.2568,O+,45,2026-04-12,6.4,Spring,5.2,4.6,39.5,0.996,2026-03-07 12:07:13
Maine Medical Center,Portland,ME,43.6591,-70.2568,O+,110,2026-03-24,6.4,Spring,5.2,4.6,45.1,0.407,2026-03-07 12:07:13
Maine Medical Center,Portland,ME,43.6591,-70.2568,O-,34,2026-04-06,5.0,Spring,5.2,4.6,31.9,1.029,2026-03-07 12:07:13
Maine Medical Center,Portland,ME,43.6591,-70.2568,O-,66,2026-03-25,5.0,Spring,5.2,4.6,38.9,0.53,2026-03-07 12:07:13
Eastern Maine Medical Center,Bangor,ME,44.8016,-68.7712,A+,7,2026-04-10,5.3,Spring,7.8,6.4,34.5,5.3,2026-03-07 12:07:13
Eastern Maine Medical Center,Bangor,ME,44.8016,-68.7712,A+,12,2026-03-09,5.3,Spring,7.8,6.4,37.2,3.092,2026-03-07 12:07:13
Eastern Maine Medical Center,Bangor,ME,44.8016,-68.7712,A-,8,2026-03-27,3.0,Spring,7.8,6.4,19.3,2.625,2026-03-07 12:07:13
Eastern Maine Medical Center,Bangor,ME,44.8016,-68.7712,A-,15,2026-03-10,3.0,Spring,7.8,6.4,19.4,1.4,2026-03-07 12:07:13
Eastern Maine Medical Center,Bangor,ME,44.8016,-68.7712,B+,4,2026-04-11,3.6,Spring,7.8,6.4,24.3,6.3,2026-03-07 12:07:13
Eastern Maine Medical Center,Bangor,ME,44.8016,-68.7712,B+,8,2026-03-10,3.6,Spring,7.8,6.4,23.6,3.15,2026-03-07 12:07:13
Eastern Maine Medical Center,Bangor,ME,44.8016,-68.7712,B-,4,2026-04-01,2.0,Spring,7.8,6.4,14.4,3.5,2026-03-07 12:07:13
Eastern Maine Medical Center,Bangor,ME,44.8016,-68.7712,B-,7,2026-03-12,2.0,Spring,7.8,6.4,13.8,2.0,2026-03-07 12:07:13
Eastern Maine Medical Center,Bangor,ME,44.8016,-68.7712,AB+,2,2026-04-12,1.7,Spring,7.8,6.4,11.1,5.95,2026-03-07 12:07:13
Eastern Maine Medical Center,Bangor,ME,44.8016,-68.7712,AB+,5,2026-03-08,1.7,Spring,7.8,6.4,11.4,2.38,2026-03-07 12:07:13
Eastern Maine Medical Center,Bangor,ME,44.8016,-68.7712,AB-,1,2026-04-06,1.0,Spring,7.8,6.4,7.2,7.0,2026-03-07 12:07:13
Eastern Maine Medical Center,Bangor,ME,44.8016,-68.7712,AB-,1,2026-03-11,1.0,Spring,7.8,6.4,7.3,7.0,2026-03-07 12:07:13
Eastern Maine Medical Center,Bangor,ME,44.8016,-68.7712,O+,10,2026-04-03,7.5,Spring,7.8,6.4,61.5,5.25,2026-03-07 12:07:13
Eastern Maine Medical Center,Bangor,ME,44.8016,-68.7712,O+,23,2026-03-12,7.5,Spring,7.8,6.4,58.2,2.283,2026-03-07 12:07:13
Eastern Maine Medical Center,Bangor,ME,44.8016,-68.7712,O-,16,2026-04-03,6.1,Spring,7.8,6.4,48.4,2.669,2026-03-07 12:07:13
Eastern Maine Medical Center,Bangor,ME,44.8016,-68.7712,O-,27,2026-03-09,6.1,Spring,7.8,6.4,43.4,1.581,2026-03-07 12:07:13
Penn Medicine - HUP,Philadelphia,PA,39.9498,-75.1939,A+,17,2026-03-28,4.9,Spring,8.7,6.6,30.3,2.018,2026-03-07 12:07:13
Penn Medicine - HUP,Philadelphia,PA,39.9498,-75.1939,A+,34,2026-03-29,4.9,Spring,8.7,6.6,38.2,1.009,2026-03-07 12:07:13
Penn Medicine - HUP,Philadelphia,PA,39.9498,-75.1939,A+,68,2026-03-25,4.9,Spring,8.7,6.6,38.2,0.504,2026-03-07 12:07:13
Penn Medicine - HUP,Philadelphia,PA,39.9498,-75.1939,A-,17,2026-04-18,2.5,Spring,8.7,6.6,17.7,1.029,2026-03-07 12:07:13
Penn Medicine - HUP,Philadelphia,PA,39.9498,-75.1939,A-,11,2026-03-30,2.5,Spring,8.7,6.6,18.4,1.591,2026-03-07 12:07:13
Penn Medicine - HUP,Philadelphia,PA,39.9498,-75.1939,A-,42,2026-03-19,2.5,Spring,8.7,6.6,15.7,0.417,2026-03-07 12:07:13
Penn Medicine - HUP,Philadelphia,PA,39.9498,-75.1939,B+,12,2026-03-30,4.4,Spring,8.7,6.6,32.4,2.567,2026-03-07 12:07:13
Penn Medicine - HUP,Philadelphia,PA,39.9498,-75.1939,B+,13,2026-03-17,4.4,Spring,8.7,6.6,27.5,2.369,2026-03-07 12:07:13
Penn Medicine - HUP,Philadelphia,PA,39.9498,-75.1939,B+,45,2026-03-17,4.4,Spring,8.7,6.6,30.6,0.684,2026-03-07 12:07:13
Penn Medicine - HUP,Philadelphia,PA,39.9498,-75.1939,B-,12,2026-03-26,1.8,Spring,8.7,6.6,13.9,1.05,2026-03-07 12:07:13
Penn Medicine - HUP,Philadelphia,PA,39.9498,-75.1939,B-,8,2026-03-27,1.8,Spring,8.7,6.6,14.5,1.575,2026-03-07 12:07:13
Penn Medicine - HUP,Philadelphia,PA,39.9498,-75.1939,B-,27,2026-03-27,1.8,Spring,8.7,6.6,12.5,0.467,2026-03-07 12:07:13
Penn Medicine - HUP,Philadelphia,PA,39.9498,-75.1939,AB+,9,2026-03-30,1.8,Spring,8.7,6.6,11.3,1.4,2026-03-07 12:07:13
Penn Medicine - HUP,Philadelphia,PA,39.9498,-75.1939,AB+,8,2026-03-26,1.8,Spring,8.7,6.6,12.2,1.575,2026-03-07 12:07:13
Penn Medicine - HUP,Philadelphia,PA,39.9498,-75.1939,AB+,31,2026-03-26,1.8,Spring,8.7,6.6,11.1,0.406,2026-03-07 12:07:13
Penn Medicine - HUP,Philadelphia,PA,39.9498,-75.1939,AB-,5,2026-04-03,1.1,Spring,8.7,6.6,7.6,1.54,2026-03-07 12:07:13
Penn Medicine - HUP,Philadelphia,PA,39.9498,-75.1939,AB-,7,2026-03-29,1.1,Spring,8.7,6.6,8.5,1.1,2026-03-07 12:07:13
Penn Medicine - HUP,Philadelphia,PA,39.9498,-75.1939,AB-,14,2026-04-03,1.1,Spring,8.7,6.6,6.8,0.55,2026-03-07 12:07:13
Penn Medicine - HUP,Philadelphia,PA,39.9498,-75.1939,O+,30,2026-04-05,6.9,Spring,8.7,6.6,42.6,1.61,2026-03-07 12:07:13
Penn Medicine - HUP,Philadelphia,PA,39.9498,-75.1939,O+,20,2026-03-24,6.9,Spring,8.7,6.6,54.8,2.415,2026-03-07 12:07:13
Penn Medicine - HUP,Philadelphia,PA,39.9498,-75.1939,O+,77,2026-03-26,6.9,Spring,8.7,6.6,46.0,0.627,2026-03-07 12:07:13
Penn Medicine - HUP,Philadelphia,PA,39.9498,-75.1939,O-,19,2026-03-29,5.8,Spring,8.7,6.6,46.9,2.137,2026-03-07 12:07:13
Penn Medicine - HUP,Philadelphia,PA,39.9498,-75.1939,O-,20,2026-03-30,5.8,Spring,8.7,6.6,41.3,2.03,2026-03-07 12:07:13
Penn Medicine - HUP,Philadelphia,PA,39.9498,-75.1939,O-,55,2026-03-19,5.8,Spring,8.7,6.6,43.5,0.738,2026-03-07 12:07:13
Temple University Hospital,Philadelphia,PA,39.9786,-75.1499,A+,7,2026-03-29,3.7,Spring,6.7,7.8,25.2,3.7,2026-03-07 12:07:13
Temple University Hospital,Philadelphia,PA,39.9786,-75.1499,A+,18,2026-03-15,3.7,Spring,6.7,7.8,25.3,1.439,2026-03-07 12:07:13
Temple University Hospital,Philadelphia,PA,39.9786,-75.1499,A-,2,2026-03-31,2.6,Spring,6.7,7.8,16.6,9.1,2026-03-07 12:07:13
Temple University Hospital,Philadelphia,PA,39.9786,-75.1499,A-,5,2026-03-10,2.6,Spring,6.7,7.8,18.2,3.64,2026-03-07 12:07:13
Temple University Hospital,Philadelphia,PA,39.9786,-75.1499,B+,11,2026-03-31,3.9,Spring,6.7,7.8,31.0,2.482,2026-03-07 12:07:13
Temple University Hospital,Philadelphia,PA,39.9786,-75.1499,B+,24,2026-03-10,3.9,Spring,6.7,7.8,30.8,1.137,2026-03-07 12:07:13
Temple University Hospital,Philadelphia,PA,39.9786,-75.1499,B-,2,2026-04-04,2.3,Spring,6.7,7.8,18.8,8.05,2026-03-07 12:07:13
Temple University Hospital,Philadelphia,PA,39.9786,-75.1499,B-,5,2026-03-15,2.3,Spring,6.7,7.8,15.4,3.22,2026-03-07 12:07:13
Temple University Hospital,Philadelphia,PA,39.9786,-75.1499,AB+,2,2026-04-06,2.1,Spring,6.7,7.8,15.4,7.35,2026-03-07 12:07:13
Temple University Hospital,Philadelphia,PA,39.9786,-75.1499,AB+,4,2026-03-10,2.1,Spring,6.7,7.8,13.6,3.675,2026-03-07 12:07:13
Temple University Hospital,Philadelphia,PA,39.9786,-75.1499,AB-,2,2026-04-01,1.0,Spring,6.7,7.8,6.9,3.5,2026-03-07 12:07:13
Temple University Hospital,Philadelphia,PA,39.9786,-75.1499,AB-,4,2026-03-10,1.0,Spring,6.7,7.8,7.9,1.75,2026-03-07 12:07:13
Temple University Hospital,Philadelphia,PA,39.9786,-75.1499,O+,3,2026-04-14,5.9,Spring,6.7,7.8,46.6,12.0,2026-03-07 12:07:13
Temple University Hospital,Philadelphia,PA,39.9786,-75.1499,O+,6,2026-03-14,5.9,Spring,6.7,7.8,47.8,6.883,2026-03-07 12:07:13
Temple University Hospital,Philadelphia,PA,39.9786,-75.1499,O-,5,2026-04-09,5.6,Spring,6.7,7.8,37.0,7.84,2026-03-07 12:07:13
Temple University Hospital,Philadelphia,PA,39.9786,-75.1499,O-,4,2026-03-11,5.6,Spring,6.7,7.8,41.7,9.8,2026-03-07 12:07:13
Jefferson Hospital,Philadelphia,PA,39.9496,-75.1577,A+,45,2026-04-09,4.5,Spring,5.9,5.3,29.0,0.7,2026-03-07 12:07:13
Jefferson Hospital,Philadelphia,PA,39.9496,-75.1577,A+,129,2026-03-20,4.5,Spring,5.9,5.3,30.1,0.244,2026-03-07 12:07:13
Jefferson Hospital,Philadelphia,PA,39.9496,-75.1577,A-,46,2026-03-25,3.3,Spring,5.9,5.3,22.8,0.502,2026-03-07 12:07:13
Jefferson Hospital,Philadelphia,PA,39.9496,-75.1577,A-,67,2026-03-31,3.3,Spring,5.9,5.3,24.2,0.345,2026-03-07 12:07:13
Jefferson Hospital,Philadelphia,PA,39.9496,-75.1577,B+,27,2026-03-25,3.6,Spring,5.9,5.3,28.9,0.933,2026-03-07 12:07:13
Jefferson Hospital,Philadelphia,PA,39.9496,-75.1577,B+,73,2026-03-22,3.6,Spring,5.9,5.3,26.2,0.345,2026-03-07 12:07:13
Jefferson Hospital,Philadelphia,PA,39.9496,-75.1577,B-,28,2026-03-30,2.3,Spring,5.9,5.3,15.5,0.575,2026-03-07 12:07:13
Jefferson Hospital,Philadelphia,PA,39.9496,-75.1577,B-,73,2026-03-15,2.3,Spring,5.9,5.3,16.9,0.221,2026-03-07 12:07:13
Jefferson Hospital,Philadelphia,PA,39.9496,-75.1577,AB+,18,2026-03-30,2.1,Spring,5.9,5.3,16.5,0.817,2026-03-07 12:07:13
Jefferson Hospital,Philadelphia,PA,39.9496,-75.1577,AB+,35,2026-03-25,2.1,Spring,5.9,5.3,16.0,0.42,2026-03-07 12:07:13
Jefferson Hospital,Philadelphia,PA,39.9496,-75.1577,AB-,19,2026-04-12,1.4,Spring,5.9,5.3,11.0,0.516,2026-03-07 12:07:13
Jefferson Hospital,Philadelphia,PA,39.9496,-75.1577,AB-,27,2026-03-29,1.4,Spring,5.9,5.3,8.7,0.363,2026-03-07 12:07:13
Jefferson Hospital,Philadelphia,PA,39.9496,-75.1577,O+,57,2026-03-25,6.0,Spring,5.9,5.3,48.5,0.737,2026-03-07 12:07:13
Jefferson Hospital,Philadelphia,PA,39.9496,-75.1577,O+,128,2026-03-20,6.0,Spring,5.9,5.3,39.2,0.328,2026-03-07 12:07:13
Jefferson Hospital,Philadelphia,PA,39.9496,-75.1577,O-,70,2026-03-26,6.5,Spring,5.9,5.3,52.6,0.65,2026-03-07 12:07:13
Jefferson Hospital,Philadelphia,PA,39.9496,-75.1577,O-,188,2026-03-17,6.5,Spring,5.9,5.3,53.2,0.242,2026-03-07 12:07:13
UPMC Presbyterian,Pittsburgh,PA,40.4438,-79.9601,A+,15,2026-04-03,4.3,Spring,8.2,8.8,33.1,2.007,2026-03-07 12:07:13
UPMC Presbyterian,Pittsburgh,PA,40.4438,-79.9601,A+,19,2026-03-27,4.3,Spring,8.2,8.8,32.4,1.584,2026-03-07 12:07:13
UPMC Presbyterian,Pittsburgh,PA,40.4438,-79.9601,A+,43,2026-03-22,4.3,Spring,8.2,8.8,34.5,0.7,2026-03-07 12:07:13
UPMC Presbyterian,Pittsburgh,PA,40.4438,-79.9601,A-,11,2026-04-15,2.9,Spring,8.2,8.8,19.7,1.845,2026-03-07 12:07:13
UPMC Presbyterian,Pittsburgh,PA,40.4438,-79.9601,A-,10,2026-03-23,2.9,Spring,8.2,8.8,23.6,2.03,2026-03-07 12:07:13
UPMC Presbyterian,Pittsburgh,PA,40.4438,-79.9601,A-,40,2026-04-04,2.9,Spring,8.2,8.8,23.7,0.508,2026-03-07 12:07:13
UPMC Presbyterian,Pittsburgh,PA,40.4438,-79.9601,B+,13,2026-04-13,3.2,Spring,8.2,8.8,26.0,1.723,2026-03-07 12:07:13
UPMC Presbyterian,Pittsburgh,PA,40.4438,-79.9601,B+,12,2026-03-18,3.2,Spring,8.2,8.8,22.0,1.867,2026-03-07 12:07:13
UPMC Presbyterian,Pittsburgh,PA,40.4438,-79.9601,B+,51,2026-03-27,3.2,Spring,8.2,8.8,20.3,0.439,2026-03-07 12:07:13
UPMC Presbyterian,Pittsburgh,PA,40.4438,-79.9601,B-,10,2026-04-04,2.3,Spring,8.2,8.8,15.4,1.61,2026-03-07 12:07:13
UPMC Presbyterian,Pittsburgh,PA,40.4438,-79.9601,B-,11,2026-03-16,2.3,Spring,8.2,8.8,17.6,1.464,2026-03-07 12:07:13
UPMC Presbyterian,Pittsburgh,PA,40.4438,-79.9601,B-,36,2026-03-18,2.3,Spring,8.2,8.8,18.8,0.447,2026-03-07 12:07:13
UPMC Presbyterian,Pittsburgh,PA,40.4438,-79.9601,AB+,8,2026-04-06,2.1,Spring,8.2,8.8,16.6,1.838,2026-03-07 12:07:13
UPMC Presbyterian,Pittsburgh,PA,40.4438,-79.9601,AB+,11,2026-04-01,2.1,Spring,8.2,8.8,13.7,1.336,2026-03-07 12:07:13
UPMC Presbyterian,Pittsburgh,PA,40.4438,-79.9601,AB+,24,2026-03-19,2.1,Spring,8.2,8.8,13.0,0.613,2026-03-07 12:07:13
UPMC Presbyterian,Pittsburgh,PA,40.4438,-79.9601,AB-,2,2026-04-04,1.1,Spring,8.2,8.8,8.5,3.85,2026-03-07 12:07:13
UPMC Presbyterian,Pittsburgh,PA,40.4438,-79.9601,AB-,5,2026-03-31,1.1,Spring,8.2,8.8,7.6,1.54,2026-03-07 12:07:13
UPMC Presbyterian,Pittsburgh,PA,40.4438,-79.9601,AB-,11,2026-04-05,1.1,Spring,8.2,8.8,7.8,0.7,2026-03-07 12:07:13
UPMC Presbyterian,Pittsburgh,PA,40.4438,-79.9601,O+,27,2026-04-07,7.6,Spring,8.2,8.8,50.1,1.97,2026-03-07 12:07:13
UPMC Presbyterian,Pittsburgh,PA,40.4438,-79.9601,O+,37,2026-03-20,7.6,Spring,8.2,8.8,61.6,1.438,2026-03-07 12:07:13
UPMC Presbyterian,Pittsburgh,PA,40.4438,-79.9601,O+,102,2026-04-03,7.6,Spring,8.2,8.8,50.6,0.522,2026-03-07 12:07:13
UPMC Presbyterian,Pittsburgh,PA,40.4438,-79.9601,O-,18,2026-04-09,4.8,Spring,8.2,8.8,33.9,1.867,2026-03-07 12:07:13
UPMC Presbyterian,Pittsburgh,PA,40.4438,-79.9601,O-,29,2026-03-23,4.8,Spring,8.2,8.8,34.4,1.159,2026-03-07 12:07:13
UPMC Presbyterian,Pittsburgh,PA,40.4438,-79.9601,O-,61,2026-03-20,4.8,Spring,8.2,8.8,32.5,0.551,2026-03-07 12:07:13
